path,bytes,sha256
artifact/LICENSE,1074,1d0dde41ece0f9620937f1a81a67e295ace0eae180c009d862006e8f3b288458
artifact/README.md,13170,03d41cd557cdc82218d91dcceeb70776a90c8f3f6353321a8ba36d582ebcb82f
artifact/baseline_acquisition_status.csv,1628,c3163888e9a2647fc2a60fb691ba0460bbcef2732e7bca220ac970ce0c5222c9
artifact/baseline_matrix.csv,2855,5cbbd137e0e208dfc09fc786368145d9cad6b3a6e40938aadde32d46479b91c2
artifact/baseline_package_lock.csv,1133,b607fe82f3b0e3d3ee3fbcffa855deb57e3e12d45ea7b3898374536aa44c5ae7
artifact/baseline_protocol.md,3611,37b64529d3fcfbb3aef5d6c23eb94e946cb4eee2b74d345ee39e4a92a4bc1af0
artifact/baseline_wrapper_protocol.csv,1783,87c044cf9d175737dae42d3c59c4cb42c5584b3b4ae28a5ce973c30a18028cfd
artifact/baseline_wrapper_protocol.md,3864,7db316267e0419993b1cfba86356c3f23dee0ff8d7d5cb54ec5ee1ab424c1517
artifact/bepguard/__init__.py,4713,59e5804255c2a799e58cd53764ed338e89c208aa50f87872a154195113dc37eb
artifact/bepguard/admission_scope.py,4903,6ccf65923d2bc80fafcb7821945ea0b6f75d5969bb581321e966d06ab1472aef
artifact/bepguard/artifact_manifest.py,2752,f55ef602bb3d59283679e87aa501df2f8de5ea2581bb3146bc497e0a95f85ef0
artifact/bepguard/assessor_objection_closure.py,21692,3ff814943031cfaac483c4bfc9e29a7c2c307aff50e3be500fabf379c7340ed1
artifact/bepguard/blind_replay.py,10038,d4402ee76ac6a803f9e18af3ea6bb1c44fd5bba7aa19721ac480da012d75e8a3
artifact/bepguard/causal_counterfactual.py,13991,b51d3f1f524ee34dcda0a5bfa8eaa21280c149049cf6ca25fdfabdb6ed9068fb
artifact/bepguard/claim_impact.py,9535,47fafd17f93e91b694f9c0d01050ad204603c817e86bfa176d76e650bf7ff1a8
artifact/bepguard/claim_rule_coverage.py,8607,95a797033c1fa9f5a79c15ab51a570362fd9ce690552025a9a30d05e6042a0a1
artifact/bepguard/claim_trace.py,6757,ec679760840f8b21401053a682b0adc9e48c28302cf12f5b8f04860d4a2a2fc9
artifact/bepguard/cli.py,3375,5c781d2d0da5a1a874acfbe9e57b0b058fcb2281d336499210037e9c02b54117
artifact/bepguard/contribution_trace.py,2827,da140edf5e5e491d14e6abefbd93135cd42d3e1b3332060f17cbb5b11ef399e1
artifact/bepguard/corpus_stability.py,4872,1cee877fcdaaed34f6f4085eda8e21ec98b36fb42525bcc8399e5b588e4e728c
artifact/bepguard/counterfactual_roundtrip.py,5649,8262757eafbfbbb2de823d57b8552ad5e8857801c92f4ca507b8de1a860f5032
artifact/bepguard/decision_purity.py,4262,70d9595a10bd3b11b2f74975628729c751df68c2a67c49ea1638d6e49b5ca8dd
artifact/bepguard/declarative_oracle.py,15791,f540950f3c11fda645bccf431c89f17ba0296551651da25579c6dbfccf1de263
artifact/bepguard/deliverable_trio.py,3226,4a4b4bcfec479271c2a73214bf8ab5c1713c2295a36eaede0cd346d97152c7fb
artifact/bepguard/delivery_capsule.py,3386,a2a0149952904a4f56f4ce8b6d41afabfb8c61e39d59bc0c6c76ad0ec8d85f37
artifact/bepguard/delivery_packet.py,2307,ce9b52a65ff31139c09ee26d8e60f433677365ae64e494d14762fcc396b69b50
artifact/bepguard/deterministic_reexecution.py,5602,eb0d1c4159116e10fd81fe5672a8453fc16966f5d4c53703764c7f8092c35f5f
artifact/bepguard/deterministic_replay.py,3565,83afa335dde92a89f494df171cd68895feb03a2453a2dc15f267aafbc761242e
artifact/bepguard/documentation_consistency.py,5224,e618409eed118a397abe85cf8bf415b7681280e91c33b79239f17bbf539ab3ef
artifact/bepguard/evidence.py,17209,37b878fe3eba7ec9ea41927339d1027540974a3ac09692e544120eac22e1d77e
artifact/bepguard/evidence_cards.py,5678,883909fc8ef029422bbf223c5f669e37235f7cb8f6bfd9fcf6493ed67f8222c1
artifact/bepguard/evidence_digest.py,2962,97e35868cf193e04df95694e940d46c3310f32387a32b64cf3b0db0e05e92028
artifact/bepguard/evidence_multiplicity.py,3228,103ba85e4931f4df0fb58222e37975bcbf2e890e7fcdb0f55b9795702d527982
artifact/bepguard/evidence_redundancy.py,6343,64840fe3ff2e59de2852cfd584ab56decef3121c5b4ebaff8d0ddae4e54c0ac7
artifact/bepguard/external.py,9591,8389a238e123615be8130499f8d50bc36accf2281881cb53afd036d62aa2fd3e
artifact/bepguard/external_contrast.py,7366,b913273f272dda5716541729f2050cf334ddc3474dd4086cfd22a5dc1338f153
artifact/bepguard/external_full.py,12875,77b9bf50c16dc48f1c14256ce7bf4102b78bfe80f5da6444dba1c995596a1eea
artifact/bepguard/external_provenance.py,5138,a7ecee21f2b26baa86ff23205c16615832bd1a1e78a5fffa03e094aa52b76e76
artifact/bepguard/figure_layout.py,5065,428b5e5296e4cec8f03aac1e7ae0323b5f9adf25647d82fa10db87d3967fc699
artifact/bepguard/figure_reference_closure.py,2243,ca5ccfd09f2fb692f0b8609bf0c53ef0cfe30ad7c90c59e06e688d86644cedcc
artifact/bepguard/fingerprint_disjointness.py,5711,53fcb503e08d08c220fa4874601dd4742f6d535e9d8a51bd37c6981ac5aaa6ba
artifact/bepguard/fold_stratification.py,3138,a140fce757246ecb9f8eda1c3bd2b86492265660c5898ff4837002b9b2e92358
artifact/bepguard/gate_sensitivity.py,5632,334c7e9f2b37655d6d7e0e7ec656a94ca3a15b91871ad3e07a9f3234f0f91a27
artifact/bepguard/generated_oracles.py,367481,123ea6250e31d6869b63b9e5dba9534b3ae6e1a4dbaec3b0c04829933a331e49
artifact/bepguard/icse_criteria.py,3181,1a8a83a8ecfd534eef1ce9cb38beecc36e578f507c9e817b0e8ea68611e2268b
artifact/bepguard/idempotence.py,5320,260dbe5765202fcc2ec343aec0f2cd79560721dcc49b5d703e7051e95b8b1ce2
artifact/bepguard/interaction_coverage.py,4869,936242692da462eab16ced2eb974f676367b3e4f55c7c03da5a6bbb13c8b5ed8
artifact/bepguard/ir.py,19466,bdb74a22cb63c27ad708525b67ed818dcd7d35ea944516e0d8f307dc7792a8d6
artifact/bepguard/issue_evidence_depth.py,6888,dd3bbc25c2a7f01fafabef652dcb62bac11020f9c9230f622893db8bed4cdd5c
artifact/bepguard/issue_matrix.py,5682,19ce782c0beca1b6bef2561bae88f351883f31e6505e4ead5208695409e136b3
artifact/bepguard/label_flow.py,3342,c6f8254cbeb0e65ff50c2a3b235e0516163cee7ebb0dfd7484e91f715cb8c538
artifact/bepguard/lattice.py,14541,6ec0247ba50176b7d862d44f56531fb5dfd972ebe129f1e22f864e13bd952b6b
artifact/bepguard/leakage.py,8791,847d65ac9f3fcfad71718cdddd98a757116bc4ec7dab918928248ebea185e208
artifact/bepguard/metamorphic.py,11687,9457f27b60974eaf90a88f2c141219f875d0ab84b59eb14862789f2b86391c3f
artifact/bepguard/minimal_pair_closure.py,3388,1aee79b997af50dc7fc820f272fb6f417d669c860ebd7ce86803769ef92005a1
artifact/bepguard/mutation_farm.py,14040,83e57ad91ccfba1343e4b3ff9de870290eccadf20e6ec09966aa54c16a175e28
artifact/bepguard/oracle_equivalence.py,4535,bdb7c6d2e3f7ff6496670817939240e24e9ac68e37b0ceace36a23dbed22efc1
artifact/bepguard/oracle_structural.py,3401,3c07309ff23a988b67c889fa0d753583d7ecaaadf34406273da60434e21afba7
artifact/bepguard/oracle_triangulation.py,4605,9a8cdd51293fcb6fb430fc4bcd1fa6eca73fb7048ea3ffe722f1f2b97edae159
artifact/bepguard/overclaim_boundary.py,4275,f4fa9af3b2b09ae2bc094dd16321951aa0ab057a83cf8ea4e5cefd25a0257c4b
artifact/bepguard/package_identity.py,2847,18df2f18a8e000835164c7a4daa0bd5f25cfd3d6eb97b903092de757615b85f4
artifact/bepguard/paper_argument.py,2642,0bea308f8e9a5d220b95b3c32d30cd1fe9fc463348e7189bfea993166b165b01
artifact/bepguard/paper_claims.py,4522,0c2456df32edc35ae1c2f2558191e1221aa7def27b78fef4705f003dd961b188
artifact/bepguard/paper_metadata.py,3707,ae427792c4751493283e32277208f053773c537b9004ed9e2125b9bd1662923b
artifact/bepguard/paper_rhetoric.py,2899,b7db755467fc81a6b540cc443f1f348e6eede2918e233ea0560f7220e6e2849b
artifact/bepguard/pdf_boundary.py,3433,c46fca0cce823889863218d166fe839c27e640414e3ed239d0568767ece8d835
artifact/bepguard/pdf_density.py,4760,6c76763ee47603fa8193c4da20367dbbf30d2fccefcafc1917987b8b08dc275d
artifact/bepguard/pdf_text_surface.py,3165,ed529eec48a78cfadf90da329528bac8856f919858466a3b510f371690ee1488
artifact/bepguard/process_trace_hygiene.py,3290,09a71d6a0e88b0c6413f56994c68b800c545ea09fa839354a366f2df8c1e88df
artifact/bepguard/proof.py,12657,bf6af161b174862fc748b9ddd1d69ac440d24d2789d74e09c4a17730c29ecf97
artifact/bepguard/proof_cards.py,2431,a3ed0d7ea5ccb965dbefbc9db9f75bc57e283634bb45686216bf445b6f99def5
artifact/bepguard/public_provenance.py,3384,fad2044042e171c6705530ee8c48237a560377ae7506c77fd98a701b1facef1c
artifact/bepguard/quickstart_readiness.py,2721,b6cb3a1821dd829bedd6a1727db16fd7b4f7f7bfde1860b5fd1ae310a96c2f42
artifact/bepguard/reference_roles.py,2754,f369488f382b54783ee8695a0b28d0f0db19577465a03bc5a506aa58cc65fcd7
artifact/bepguard/release_claim_drift.py,5208,f3da123aeed13e4affe007cc47c8075385734acf914bd4ae742be4c45f70f605
artifact/bepguard/release_hygiene.py,1676,26d7ee183db617643e56d3a33b7ee3a7b80238574c14961b51727e3cedc28f6b
artifact/bepguard/repair_compactness.py,6128,726ff489e58e685952b54fdc3692a96d3608045d7ec1c555ad5bb542c79fdba2
artifact/bepguard/repair_locality.py,7013,05c7cd4356b6cc9d2758e0c48ba0fe071cecf4b96b3aceb7dc9ce3a6e9d2b5d6
artifact/bepguard/repository.py,11763,a3308b0cbee398dc48cd6a2b87ab23386cd19c8be112167f0abdc6fe98e0ed09
artifact/bepguard/repository_entrypoints.py,2748,48ed8fc3dc820d85da0135a9fcdc594b23ae7efdffb506c8d0a16e70e2f93023
artifact/bepguard/repository_upload.py,3105,66801ea3fbc1004019dc2891170447190830654cd8e5b7644dae9d258a004ee9
artifact/bepguard/rq_traceability.py,3800,03ae44643ac35436afa715887838825acfca53b78943877bfc3c39b8cd67cda6
artifact/bepguard/rule_closure.py,7468,739c0f51e97e5ca3b772e19b59b3c932338ac30bf5d70c3f9c9513a588cdf828
artifact/bepguard/rule_trace_matrix.py,4974,72b4b304505c14c07d6ad65c22af7fc41e9dace1f2cfdeeb60433528950dd1e6
artifact/bepguard/runtime_boundary.py,3877,9b0c74199fb159f55b87b0b80a320848164ed72a4bc7ff45ad1bce7bb88f72fd
artifact/bepguard/scale_stress.py,3875,251787aa248326aeedd7bc9fcae838ca7ff4b9c41fb6e46bf5e7b2f2ce08f961
artifact/bepguard/scorecard.py,2171,402a8cea7bd93a28ca53c45709702890c90ea65a0141b75b463496ceac4404f1
artifact/bepguard/shadow.py,12885,a56f1b09b20df4e566ac81f2155275f65f0cec78a7a6597363a13a809980ce3d
artifact/bepguard/smoke.py,4369,2811d43d100f71bef9089d45dba0bc2f5cfeffb51fefe245bb34f00815282eab
artifact/bepguard/specbench.py,56770,da6957dd1e981d072a9b61cd1ed7ad7dcec95f48b703b0bfa7123b54eee37a59
artifact/bepguard/stale_numeric_surface.py,3903,fa6d19d87133652332d9e185ed545823dda4e9e7fe3f4f65476cc63db47aa198
artifact/bepguard/static_health.py,4462,1fede9fc374d7851a24f81f8eca35db43232484a68f989ff4297aa4259e962db
artifact/bepguard/supplement_alignment.py,2345,83948d5b98d5463e119a379189dc7419560a578ebbbb01a1f7cb87ef039adc72
artifact/bepguard/test_harness.py,4726,7174245646b88aa34f6bd58032a5727cc8b383ce929936f1c75f7af19ce340af
artifact/bepguard/theory_kernel.py,43899,2e03c3e142c6a903d988ef17322d41ee0a2091390b9885314fce0e8b0f6df20d
artifact/bepguard/threats.py,5766,24d997d74d0f927be36fdb1285f6941f903a65b4437c8085036567083a1b9e38
artifact/bepguard/triage_index.py,1581,9bd6003db8b1d943aeb877c9c70447ecda292171cf8e008d57417baea03b005e
artifact/bepguard/witness_hash_chain.py,5303,0951873e8ca180d0ab981092481331454e57655030b8f06af1c6147fede4a6f5
artifact/bepguard/witness_repair_bijection.py,6723,ccc4d19505004df86bb066851e52f4d10a42998c9a1be961c3205a831b6fadd2
artifact/claim_lock.json,4504,6ab79790eac460656b13182426754ea9496180bbe56250fa7178b677e43006bf
artifact/coding_protocol.md,5003,7ed29d670c4984e4d159c47d20591fb30c8faed28db4004d17947070ce2cf016
artifact/coding_validation_report.md,2509,344900e2f2c50c14a8ac28f127caca350537ef0e11aee24d5127e01be3b33755
artifact/corpus_lock.csv,5062,ad63525f4424adae6162364618bce7a3db9df90ee9f9dbc55efb4e24b0f3608d
artifact/data/boundary_conditions.csv,14186,5696765548bbf857cdf22f8497c69dcbf3146f22b0a2ececc93f9d1e6e4e00cc
artifact/data/coding_schema.csv,2761,0a64bceb3c880675f0da031dbfb0f3749868e18bf56541434382273d53eec1c5
artifact/data/coding_validation_claims.csv,6591,e2c1ad16384c40195e5c29e7e8759da934ac065017406abd7628890fae420e86
artifact/data/corpus_claims.csv,18176,5ee0bd56a6dd489dddd5870d086e7bea8285a85bb2d279d752c71ebc58706af7
artifact/data/deep_fixture_manifest.csv,321972,d3cffcce112a024c6cd3e45fba5263c725f3259e7756350964ef57b55dd46d0a
artifact/data/deep_locked_fixtures.json,1248712,feaa695a5b534765ee104f4f74fd7d53b0fb4b6d0beed9ab42610d908f728538
artifact/data/extended_fixture_manifest.csv,189804,93e5525c5ed497b94c45e4ea76d40bf0c8ff2c6bbae3b8da2f36617b79ec0e54
artifact/data/extended_fixtures.json,609979,0f678a5a6bcf1085053ae47d04ae257f7d0b64280d2f860e53fa0f4c9ee1213d
artifact/data/fixture_manifest.csv,28729,cadb7169f07bf507d1d1bbd122340273ed78e406bdea1cc0ee4dec2db8c6afbb
artifact/data/fixture_validation_audit.csv,127821,95758382230616cb51bc411d18ca14e0a8930f57707acbd00b2941797d9ab1cf
artifact/data/full_fixtures.json,106356,aedb0a80a62786fa8bc5efc99bbb7d2322812b0dc4c2a89ba787ea610934d999
artifact/data/locked_fixtures.json,106356,aedb0a80a62786fa8bc5efc99bbb7d2322812b0dc4c2a89ba787ea610934d999
artifact/data/locked_full_fixtures.json,106356,aedb0a80a62786fa8bc5efc99bbb7d2322812b0dc4c2a89ba787ea610934d999
artifact/data/paired_repair_controls.json,638736,d5ffdb35c72cb3a69c6d6cff8e6d363d960bb5a948d6ffefe957df3630f7c57f
artifact/data/rule_source_ledger.csv,10121,91d9d16e48f07c8e24f111fc54baeb6de0f3e603e2f584a5e5a1672a0d4a1490
artifact/data/rule_to_source_ledger.csv,10121,91d9d16e48f07c8e24f111fc54baeb6de0f3e603e2f584a5e5a1672a0d4a1490
artifact/data/rule_validation_audit.csv,3505,1367b1b70c6aa95513c0854e0f9a789524d8bcb2b43e690b6719ca24f7e443a8
artifact/data/source_acquisition_log.csv,4812,7c9da607d2d931526651a74465813544ba4c078a1118578ab6bf3995be0d54cf
artifact/data/source_snapshot_ledger.csv,3568,7c0ccedc1a4837f50a01c2baa212d85085cff452f8053d8ca0626c01e2836d27
artifact/data/source_snapshot_manifest.csv,6763,ae6235c5f3ce6e282d73e65e6424484f07947f7ba10d41d6b26de5d2ed804bb7
artifact/docs/artifact_walkthrough.md,1824,a86794f8061aa22af5050b6cc0f63e98b94ac5bf3a79a71edaa0cbacc71eb06a
artifact/docs/assessor_trust_model.md,1120,227ba54318e35e8685f71fd634015825d366c9079595544e50bced42902afb15
artifact/docs/baseline_disagreement.md,1443,317592bb8a048908a72dad05942ca914b10f64be47b4b6157bbb00277da45a6c
artifact/docs/boundary_conditions.md,2337,724144a529097c9a901445bc4864d2ed4d4befa55bbcd0396c96d696f422183f
artifact/docs/claim_extraction_coverage.md,781,6817967b5c6beb3f9db4459d3a1ce1668ca415b57b79617386244392db2e1bb0
artifact/docs/external_baseline_reproducibility.md,2239,71c3f25c9552945cd8b5cfe79de19020480d0f85278c9c6a85156845b90d4123
artifact/docs/ground_truth_provenance.md,1291,6f3da1f481b6ff5aef602057e3e31c2f7419a47f4d74fed865aaf1c3ef4c342c
artifact/docs/heldout_generalization.md,780,fcb5e9071f4df8d73223c244f0b3ade628aae1bf884466eaf78f9693a55ca2ec
artifact/docs/oracle_provenance.md,936,d445e6712c9ede353b2fc10dec1315fe8632b8697470ba0ba296de405c984725
artifact/docs/workload_construction.md,3343,e42dedcd6b71dc10e22e518de45ec8fdf73fe2b0a5e204f6f2733f47a161c231
artifact/environment_lock.json,1458,03cedf7751762536d68fa1a408ff13af5f5c26f034a97407bc5ade66751336f3
artifact/external_baseline_package_lock.json,1352,79240176071b61cf0472d882e591bce719af88936a9a2a38094c7af68110ecf4
artifact/external_package_manifest.csv,1111,39ef5eafd5092f7fa8a06dc2a9e6517396cbf8fb75e6c26f93a41ed8db7ba45c
artifact/external_resource_gate.md,2268,26c17720916880eeacc979f6d10844cd988518f17bb4858733d0b2aacfe0c9eb
artifact/external_resources.csv,15694,6b215231d609db9ec098f275aac656109bd181c11123310bfca08ae4b9fd723f
artifact/method/formal_core.md,7370,a1c697104139918036b1a70e70a15dd8057fc201cf0c2f56db3587e57a6a12e4
artifact/method/innovation_upgrade.md,2995,1aef20d7b98bddcb02691486ccd6bcd0c6ab3b2e6b666d0451ae5fb3818f0dcb
artifact/method/proof_obligations.md,8817,7b3c16b98043eac060621b54018aeeac84266a0e022d185385739096e86326c5
artifact/method/reference_pruning_summary.csv,159,55485cc16a8e8d768081dd049bfd2bd5fcc41dd4938db8d4ec8663b470cb6b97
artifact/method/related_work_matrix.csv,3808,d48db60937f149fdfe79c81e36149aada07eb15537883a4c653a670f2f6f77b7
artifact/method/related_work_positioning.csv,5821,95ce5c1acf30b49121c65250bb9d95ce194ab6c9fbbdd01aaa518f7b253e4af0
artifact/method/related_work_positioning.md,1758,609ff5295104062a2518f98798e751770aa341bb10549e783566ef1f8825af89
artifact/method/rule_to_source_ledger.csv,10121,91d9d16e48f07c8e24f111fc54baeb6de0f3e603e2f584a5e5a1672a0d4a1490
artifact/method/source_rule_ledger.csv,10121,91d9d16e48f07c8e24f111fc54baeb6de0f3e603e2f584a5e5a1672a0d4a1490
artifact/method/theorem_proof_skeleton.md,7457,881b7a18d8483cf36dc4258995e85fe46f7dc4ddba293cfcfe6cf8fdf2210159
artifact/model_core.md,6839,09b30b5e978fdf6dbcbf4c74162aeb42800b2156ea170e32bf6664e18ef5ceea
artifact/paper_metadata.json,3071,7401923e089cd2aed305132d3f868ba17f88f1416d3c98eb92402d4685e5253f
artifact/protocol_amendments.csv,81374,dcbcf00ac7bf1ef3a40ca9e792c843ca2887baa5b2f9c5d7af0a623dcf33dbfc
artifact/protocol_corpus_lock.json,1120,1d24b8bc50cb2f498cbd62ec1d0975c27f0185211b6cbae663296bb87d7b65f5
artifact/protocol_lock.json,9262,b2dcdbbf009c0f71fbd135cd16d1de8b1ba8de0a95d645984eb7d90c00e8817a
artifact/pyproject.toml,400,8ba40512beb1e725711b0ecaa761b35d2ea8cbf8ef37fdc7b94ebd5b39e0e0b9
artifact/quickstart.md,5155,0e1256769b3c7a611360f1a9fe0dae19e33a4212f6aa6dd9808f107c49d21730
artifact/reference_ledger.csv,24537,6764220424a9779f61bc76cbc9e11aff6fc5ba8517f506265cb895b7e59e98e3
artifact/repository_upload_manifest.json,768,ffb505e833e0c0b823b0551a1cdfe9e93727e019f3d30369d00c7c4fe7da22d0
artifact/reproduction.md,28982,716d166e5c869042f902008949501dcd00a45878e1885b4f81282ff5e4298e45
artifact/reproduction_ladder.json,28870,c4ef066192e9acfa0926bdba7853798b8a93bc1096bc66a8b70fbc5ddbf549a6
artifact/requirements.txt,396,9dd8e4d722ea7010023ac6508bd352b0d1223daf7df8036ff6488cd31da48491
artifact/results/admission_scope_audit.json,888,d91819e658c565ce49d081d9b999f3c834ffaa480c01aa5c9066478e6069c67d
artifact/results/anti_overfit_leakage_audit.json,1015,8207d49acbdb96ab25cce0201ce391210e7eb42b4021f65e3ead490a72407f82
artifact/results/artifact_manifest_reachability_audit.json,292,5675595e4265ffb47a11df55db270c8c4263b1b9a8f077375ebee30f7e38a65e
artifact/results/assessor_objection_closure_audit.json,1255,42d9b2ca61bc47724b2b434aadb5e0198a2602b780d811bff98a4a1d56078eaf
artifact/results/assessor_walkthrough_audit.json,282,9413037debcb20556870598ca86898fcf78cbe85486e5a8a663a8be690dbb045
artifact/results/baseline_contract_audit.json,2932,d236982dab85d0e152f84662ea188fa3bbac2a50a0a17dad6f30b818749fd56f
artifact/results/bep_max/adversarial_suite_integrity.json,809,6cb61b977deb74322453b537f01fbe3b86b053f510967cb9785e4f69e58f4ce3
artifact/results/bep_max/adversarial_validation_audit.csv,904449,5504d254dc678635b8ac3e11fba034bf504d43f218f5924609c7497b0f2060e0
artifact/results/bep_max/adversarial_validation_metrics.json,442,99ea288586de74f1c1912d75195935488f226df2bb24c382fb07689aa2007f6a
artifact/results/bep_max/adversarial_validation_suite.json,5940692,4b0fc9062f8cbe5f3716676e23bcef699c98a7036e60075208a520d32ab6c0bf
artifact/results/bep_max/boundary_coverage_audit.csv,1584,ed2f1451fa44e3131d5dde4e79083553181ef567471369e5c2e25e9ba6b449e6
artifact/results/bep_max/boundary_coverage_metrics.json,1478,c02da5639664d98469bc507e99e5965345b17e6fe4f8c7c94a271251d5a701c2
artifact/results/bep_max/contrastive_repair_pair_audit.csv,67718,334e07c2225b0d8d528ebdd6b3957cbf73d456d612ff14a6e00c2b7335d940f4
artifact/results/bep_max/effective_exposure_graph.json,4157560,8b39f4525bec3f4deab3da5a8ae83906276b5ee32705640c8607760d0d8ff369
artifact/results/bep_max/effective_exposure_graph_metrics.json,2256,ab4a8eda989b5ccda1f8b62606476a3e3903fb1b8b8dec737c591c55c44c59df
artifact/results/bep_max/effective_exposure_graph_paths.csv,4420,7c88de45a069ea6c0484151d200de1ce1e7e4ab785c3a0a49e44d8ff23da7e88
artifact/results/bep_max/repair_frontier_audit.csv,67169,63d5e28012b2cf43e65f49617df29a67c4d22769532e37bf4d8ad3f43effff43
artifact/results/bep_max/repair_frontier_metrics.json,293,428cf082c0dac6398b0a85c4b6e6eb2b6163f1634fc9487ec1954e2418412c69
artifact/results/boundary_conditions_audit.json,938,aa9495c27797f643acee3d9c441c551b829cd8ae88386b6ae48eb0e2c5be8eb1
artifact/results/claim_extraction_coverage_audit.json,830,40428e0bc75a22b20a65d54f977a5757325c5a39d2ad72b2ae3dec979287a572
artifact/results/claim_impact_audit.json,695,c889f16767c9fae2282838649ece672e301960fa9df1d0972f34f71b79dce21d
artifact/results/claim_rule_coverage_audit.json,29141,8c2ec8a72f1d8677fff94d82e04641dd6d5c74e23a63b04cd25feb134c5e8b4a
artifact/results/coding_validation_report.csv,6591,e2c1ad16384c40195e5c29e7e8759da934ac065017406abd7628890fae420e86
artifact/results/coding_validation_summary.json,854,9cf1e4e7ad8e151875e5c57a342526fd930efeddf598a816fb3f57e3febad44a
artifact/results/contribution_trace_audit.json,995,c01a3927d8f5bf2cd8aecd07531d30b723d393f08745ab37721df029a5572e08
artifact/results/decision_purity_audit.json,5433,0870adb0b0a4a710841f6c08244277f4471d9a1c3f20d253453c3313d28c5c9a
artifact/results/deep_locked/benchmark_fingerprint_disjointness_audit.json,723,002b96361b315a752e023e7cdce41647f786620e9dea7ae56ad890f0136e91bd
artifact/results/deep_locked/benchmark_fingerprint_disjointness_rows.csv,754543,691ce934d0867d65000ae55845ebf2ba5676d58a6bba5101d7c171b90b6f05cc
artifact/results/deep_locked/bep_deep_summary.json,1955,9e7abae020f3ccdf409de19dcbe0d7fb2aae9334e966cbcb9e3306efe84c7d8d
artifact/results/deep_locked/causal_counterfactual_activation_audit.json,1241,8a70092c46ae54d43fa4bb03a9ee56a0a57d42571ce41be2984d8c1fd29f604f
artifact/results/deep_locked/causal_counterfactual_activation_rows.csv,136135,ec22c7dd9bba82d2d0df82ced3a6ef67d03f1bfba4c7df83ee31f8bbf85e605a
artifact/results/deep_locked/certificate_recheck_audit.json,858,323a6219790fbf6db17bd69b9e31188f09f5be29b9025f57f7ca8378c9d657ab
artifact/results/deep_locked/certificate_recheck_cases.csv,677112,b7a012939705e6cc3c0f272d3a483eb62a3cf3f4c9aff0c5d8baef08fb4f938c
artifact/results/deep_locked/claim_coverage_audit.csv,7031,c8e72c706cd9978113a0b1c1ef5576c2e3e0b744429ff4770644c8aaf08f670a
artifact/results/deep_locked/claim_coverage_metrics.json,357,2a5f4b70d084ef5bc6df07e6426c2dee7ca2802b08931e26ba109191fbeb4bc5
artifact/results/deep_locked/claim_impact_matrix.csv,5760,648b47c5a4812db85e4f9d33ba218624a3434c954d879e6aaa1a6e7aa148c021
artifact/results/deep_locked/control_certificate_audit.csv,77746,b794f9d984b5f6d70d999574345fa5167b871abf834013187340d75aa9c19185
artifact/results/deep_locked/control_certificate_metrics.json,445,88dfaeb2fd3fd956d2267686726bfe8cd977f781375dd5070ca971b87dd0dc2a
artifact/results/deep_locked/corpus_stability_audit.json,484,bfb0a7d8a85a7de1b4a0d572627b03f189a2f5e18857633b5bc625a7b83fff39
artifact/results/deep_locked/corpus_stability_rows.csv,396065,4c14de3cdd63721f9f0733ecdadaf7009ee08f829a3f0ec283b27b5fc17f1188
artifact/results/deep_locked/counterfactual_roundtrip_audit.json,1082,37a8fd9e03425f3ce6d854aa2fe49ab96dccef2303ef2e6c987189368f4d0bc8
artifact/results/deep_locked/counterfactual_roundtrip_rows.csv,133767,3ff5371b88aa41a9b9f4780e0d1ee38929be5430603d1f9f2b0d648c9afc6990
artifact/results/deep_locked/cross_policy_contract_cases.csv,19228,be9da4d4e824cd13145f3cbecb1d0f8b1a020ad6a25bf9482c6a5e632583ef3a
artifact/results/deep_locked/cross_policy_contracts.json,599,ccc087bf1e3529ac167e99739f69ea29b38bfd090cf3a4bce4ab9e13b702fe81
artifact/results/deep_locked/decision_table_finite_mismatches.csv,39,a9ed9407fed7b07399d125e849c8eb9bfdbc8db545b37177fc646f349b44cd1a
artifact/results/deep_locked/decision_table_oracle_audit.csv,104587,807bdf535be866b619028b2cf3a3a63c3f19154eb89b6446a286a06612e06cf5
artifact/results/deep_locked/decision_table_oracle_metrics.json,369,39f3daef4484f082ea971e22c2a979495e3696ccf6e9baea4d00893e321559ac
artifact/results/deep_locked/declarative_oracle_audit.json,455,bf3cf7bbff451998ab63c6c54415e9f43637b5599a7151c0d0d0333c11bc97a8
artifact/results/deep_locked/declarative_oracle_rows.csv,803253,4745821d407652cfcff4a95bbee725932990cb87bd99f6e58ddb56df493443b9
artifact/results/deep_locked/directive_fallback_conformance.json,3717,0bda0ede657ff2370d902d7ca5c04539715851b22ecfa401e4e6e9704e62b4a4
artifact/results/deep_locked/effective_exposure_graph.json,3569805,3ec76eb3e248d04cc1c0077bde7b15988e0e46299b1071a83baa3c5c8484bd82
artifact/results/deep_locked/effective_exposure_graph_metrics.json,1992,cd0e0f42153a989fa9e8744bc501d7ff9165c5a20e9591e8d9e01ff6502d6c3f
artifact/results/deep_locked/effective_exposure_graph_paths.csv,5799,6e524de42b80e095215101b86b8ce5995f1ae7384548faf095d937d1f775b745
artifact/results/deep_locked/evidence_cards.json,504843,5e4de7db41c8d7d5293be6b015fcba5a657b39ca9b7afd420ee988457307b41a
artifact/results/deep_locked/evidence_redundancy_audit.csv,3751,c6886375b1485f85824ad3ec15b16249b5310ffdae66e1db32a50ce0aff67239
artifact/results/deep_locked/evidence_redundancy_metrics.json,833,61e09dd3915a43e7325881c6b138ea2af1838db10bf17add23350bb8b112ff3d
artifact/results/deep_locked/extended_analysis_metrics.json,3450,fbeca7d8166471ccff28764f3de4f8fab47aed310a9d7696202b9fecd5e8814a
artifact/results/deep_locked/extended_baseline_disagreement.csv,175968,e146a20ac8d20b631d7226c204705691aa3161101ad32cebe9a38a9c78a4f1b4
artifact/results/deep_locked/external_baseline_availability.json,539,27647968614822324d77167478391e0a0a57d92f7514680b5a322b17e8a2af2c
artifact/results/deep_locked/external_baseline_fixture_probe.json,2197952,889cfd27f932b6252e2e67b20fd9a8ee2e71c51392cc96c16307e4f36864da17
artifact/results/deep_locked/external_baseline_full_run.json,2198059,d268b14cc11c46e079e7e869d326920f62caf71c45b38df5c11b6024ad3d53d5
artifact/results/deep_locked/external_contrast_specificity_rows.csv,220814,571172e676aae9716895ecc5661813e586851188a9cca70272b8008dfe84e3f5
artifact/results/deep_locked/fold_stratification_audit.json,360,feb6d08b2628bdb9cbb303748dae7c3db9961289e4c5556674f3529aecc31281
artifact/results/deep_locked/fold_stratification_rows.csv,225,46ec35f4bbbb8319464a5855ed58fe006387de92a3949ee50972c3bba7556dcd
artifact/results/deep_locked/full_ablation_metrics.csv,2724,b737b514ce1b1951a36ff5ee25cd8b86a0d2429385e218e706b15d3b0449c511
artifact/results/deep_locked/full_baseline_comparison.csv,878,5c9167e37192c3c3f9c61dcc3a93ba066db7579d38f7265d732603a81ae917af
artifact/results/deep_locked/full_experiment_metrics.json,7743,3d8ce146f31867272f21645c7bb55e47c4e3ae6087d102589a6e7106c043b4d3
artifact/results/deep_locked/full_metrics.json,2819,22038cf53236e127421be967d64cba137d548775216370c1ac1493429c760146
artifact/results/deep_locked/full_robustness_metrics.csv,9730,1577813fe48c0b8c8b8cb2aeb463dcaef22d48706039cde64ee494c2b30fa27e
artifact/results/deep_locked/full_scalability_metrics.csv,198,5bf0423622b6e4974bcd0c0b077fe165225b715234ef37bc2ff7e4dbf94bc3fa
artifact/results/deep_locked/full_summary.csv,111432,4d76b405c1c646bdbfcce3d841255be186be1cd44049e144ea5029b46513ebde
artifact/results/deep_locked/full_witnesses.json,283857,fa86a9a3cd52cd44e4ed6ba73f14ce2472e6ecf13a1fd1da8e7aaa4c19cebdcc
artifact/results/deep_locked/header_presence_baseline.csv,90214,29149f4ad7455198e39e575595df4487e1e1108fe4002f01490d8c47b8142146
artifact/results/deep_locked/header_presence_baseline.json,225621,81ff65f357e9133f6f79953b798db40024953835acb0ed761ed2db8c7fcc2193
artifact/results/deep_locked/hsts_preload_criterion.csv,106283,083e8139abf367bf1da45395f06eafd0f3670a69c69b3370ab419732124f48c3
artifact/results/deep_locked/hsts_preload_criterion.json,297828,5f25fad46ac73c0103f93fdb27cec0b8b11cfb4ef0a4418595abe88ffe3de278
artifact/results/deep_locked/identifier_blind_replay_audit.json,851,eb954c6c0a04768c6e523de8b7aaf663b25f0bca4c44472c40da162f3b5d87f5
artifact/results/deep_locked/identifier_blind_replay_rows.csv,864106,c64fe489a3cf3470d72bdcd7c2598102eb09aadfce2f24df864b228b612e4d00
artifact/results/deep_locked/interaction_coverage_audit.json,859,6381963c72e6428d110eedf4c7fd7926f1046289a1b5bca8465897e402a92122
artifact/results/deep_locked/interaction_coverage_rows.csv,461,e55b9ad4c90cad3fb5e2f99c8361bda676ecc64203da42001b6c5816a8e64bc3
artifact/results/deep_locked/issue_evidence_depth_audit.json,591,0e4e8d9e6deceb4522a09c31f3e8f07f62645fe211b5f80b5a15cc31403e5c11
artifact/results/deep_locked/issue_evidence_depth_rows.csv,2754,860605e5813710dfc4f72253ab17d9cfb8bd0e3bb52f66cb48a05a008e0bc679
artifact/results/deep_locked/issue_evidence_matrix_audit.json,769,56dc466b9337f015c740da865f3aaa291149aaaecfde130bbc545514042c209f
artifact/results/deep_locked/issue_evidence_matrix_rows.csv,2992,736461f41867a0c6d75034229602faa10a46eec813b1e250e31d810eaac1bba5
artifact/results/deep_locked/locked_artifact_validation_summary.json,337,8b76831a36c803526a7de077f0adf97025b11d7a8bec38a54d19806c7c617573
artifact/results/deep_locked/metamorphic_relation_audit.json,802,345b25f90e9beb5772207c762da3edc117a8b6877b02f83cc1f7b95f8336067a
artifact/results/deep_locked/metamorphic_relation_cases.csv,736611,a4a21c41df4ca89401dafbcdfd12fc92267bacd956be4f7f4628e0d98f441020
artifact/results/deep_locked/minimal_pair_closure_audit.json,439,069e074dec06a69303d24b4992b09339f53da886b0d4a62b7609a5fd8729d23d
artifact/results/deep_locked/minimal_pair_closure_rows.csv,1928,0c75bea36f91740fbcdb784f774a7ca5302f549776b9ca7c594aebd84de777a8
artifact/results/deep_locked/minimality_certificates.csv,55274,69062a04b00d5b5b874585c010fd59e46a1ad337bf8c4394571360d2eb0c7837
artifact/results/deep_locked/minimality_certificates.json,375,4c4707a39ce5ec9cd7e325f718b92e8d2b3b0c9a224db3edde631b38a0bb44f5
artifact/results/deep_locked/minimization_metrics.json,152,023877fbaf3e9062173b927f40b286a49ecd3666331bf66d6d7c6d1dbce33a59
artifact/results/deep_locked/minimized_witnesses.json,799281,edc6e223dc39f3c79b6353f844a038559fd4e9830d8c3e19b6add7343b644f27
artifact/results/deep_locked/mutation_farm_cases.csv,129598,01809ebf566834a883811cfe07a5d03d03f9c69c727071375f2b2a39e47b6fca
artifact/results/deep_locked/mutation_farm_summary.json,2275,1681af48ccf76498a50a335d115bd208dba58e241c08c6981b8c3e6ee5df57a6
artifact/results/deep_locked/mutation_preservation_audit.csv,64237,823648e5508bbb5e12b927a7860d6856eda7d424da35975de159f40170956041
artifact/results/deep_locked/oracle_equivalence_audit.json,544,434fd9b4eb3085cf7f57e6df494c39b2b75d0980e74d5add30fb2024f09f3aec
artifact/results/deep_locked/oracle_equivalence_rows.csv,1014684,700c46996a443bd3f01bdb60ba7c3a36523a908e8de11745237813a03ee0484b
artifact/results/deep_locked/oracle_triangulation_audit.json,625,ce84196719b6b20fa3a8168a2e380d64df36c9072337f9a07ee610ca2bd74c90
artifact/results/deep_locked/oracle_triangulation_rows.csv,449077,161a753cb1fe42feccf40db04c06dc8d8a7a2683d6b506ae86a08a3252e84361
artifact/results/deep_locked/paired_repair_controls_audit.csv,60217,cb37e22bf6eea3d05e9a0af352f318d8098c708d8cb827963f68b77e36b5b1fa
artifact/results/deep_locked/paired_repair_controls_metrics.json,279,b00b752ddc1480768654019ca836af3266cb8083c7a78009687b78188825a24e
artifact/results/deep_locked/proof_carrying_witness_audit.csv,79231,19998e606191c3a7e48d4efb71fdc3e41338e63d8cbd99d72712e610ce6d95c4
artifact/results/deep_locked/proof_carrying_witness_certificates.json,525099,21e3bde2f5108f5dd163a7c70110bdce1f0c480326ba867bc34a2a1389e689f4
artifact/results/deep_locked/proof_carrying_witness_metrics.json,467,ee1a2aa28b435be639f048f9f94fcbeb3496929af805bb7d2e746f6f4a45db4f
artifact/results/deep_locked/repair_compactness_audit.json,473,275e0ff52f9d14d905d857aa34cc4e268543eccba24826c6749b9f6b86d67a97
artifact/results/deep_locked/repair_compactness_rows.csv,81292,33eac801ce17982520b6568111c70a694a043a0426ae6ee558b8b2e7eb6355d4
artifact/results/deep_locked/repair_delta_replay_audit.json,1721,47eead5818712eec09fe50f354b27c58adec410113dd054739a0b063098854fd
artifact/results/deep_locked/repair_delta_replay_rows.csv,90902,6802d3afc425d57dc83d7edb498cecf265d21e30544f75724b556f2c2872a19e
artifact/results/deep_locked/repair_locality_audit.json,621,539e7c416af0bbb1574c5593d1b86a769923a1f16a3c2037ada56577a8ef2c2f
artifact/results/deep_locked/repair_locality_rows.csv,78817,dc35c36b4e64d0a3b543560559f5803552b417878a4a44ae1217aa092d6961e2
artifact/results/deep_locked/repair_obligation_audit.csv,87485,e2d993a01f432236518d7aac0ec5f7b5876e6d5d4702a7262c9c84646cb7af05
artifact/results/deep_locked/repair_obligation_metrics.json,408,805674d91e0e2a8806b40a86574ce11292aaff0e5f99b3da9a732e505e349003
artifact/results/deep_locked/scale_stress_audit.json,545,a5c90099655a96c468990f0469e3311f4e2f40b34b20cbe9b34e27ac9dd99d20
artifact/results/deep_locked/semantic_core_verification.json,757,6fd83bbc55a4160354658bb77d067429d94db941b558ea95939ec1e88179426a
artifact/results/deep_locked/semantic_core_verification_cases.csv,27058,b5cb276464c5ba86a66cc7c1312973ffbe8dcea7c50241263d5f1efe3ffe5844
artifact/results/deep_locked/semantic_lattice_proof_cases.csv,65364,46465e8b18f840460baa4d8992866b1a5d81812aa5e9d4c3aa1a88c73f69fe20
artifact/results/deep_locked/semantic_lattice_proofs.json,591,0fea926522796de109dc6aa33380fe88f0229e22f3f2a2bade495d01d41d7863
artifact/results/deep_locked/semantic_mutation_adequacy.csv,6594,8dc0534970cf7f15812e7a649271e2859a27dc30e2652e656512ca79ac877a42
artifact/results/deep_locked/semantic_mutation_adequacy.json,297,edb39957432043a4fead273f8d6665712cca22147d7374ea3b154c44aeb6e558
artifact/results/deep_locked/shadow_generalization_audit.json,1359,bf901871ac338cb62dada9998523cec77e4cc3de283237f9751f3921099e1d86
artifact/results/deep_locked/shadow_generalization_rows.csv,2303341,2246b317a55a552f274c1c6b41fa162504703e0ef3dc35093fe7d263d3c65ed5
artifact/results/deep_locked/source_claim_trace_audit.json,608,06c02b5c9ce21621fa3cc8bf839b504cc899eb883ed95fb4d2c2af8733c4e4b0
artifact/results/deep_locked/source_claim_trace_cards.json,28480,f9bd45d8e603198a26681f1b3931e1742e4e2392d6517e3f57d2ece4b8dd4daf
artifact/results/deep_locked/specbench_cases.json,6219710,23da0bed6a32019373fe5d1a90cf06ed5e850f9452068c58e5e5d0083f32f36e
artifact/results/deep_locked/specbench_results.csv,1103577,cb1f1c820ae6ca7cd191b3eaca29395ddfbd12b5aa6e76241a2c6d829abe508c
artifact/results/deep_locked/specbench_summary.json,1654,53841e7f10dab9fcb34a9e93c6c1ec22d0e481b7e5765be87e2e14305ff7799b
artifact/results/deep_locked/theory_kernel_audit.json,10672,98bdcb7ac0b380dfc8f60367c873a56b572ca2db223313847e15d9803942c474
artifact/results/deep_locked/theory_proof_cards.json,9999,72714a3fd01895a43bc210fd3efd37acf7b03122b31aadb78cd030fb5414444d
artifact/results/deep_locked/traceability_obligation_matrix.csv,2410,d90a806544666bfc879ff4be54e58fbccf4c91d2640f93f9260272de0c497da0
artifact/results/deep_locked/traceability_obligation_metrics.json,684,7ecc0c278515e7878c938f2b516a3c1e77b56198091ca650974e331585749822
artifact/results/deep_locked/typed_ir_schema_audit.json,2948,5c10ea19a247253f367e1f3917314c0ff1078ab00c6d85c0da5babceaa2202d5
artifact/results/deep_locked/witness_hash_chains.csv,132274,4c0a138a76ed810005a083bb2a93719dcd2613082eea825b0303a61dfaf922c0
artifact/results/deep_locked/witness_repair_bijection_audit.json,1925,53fcf12c8d385c87bef280465a2b3d7944bbd9b1c8cded1412fe81a583b410a9
artifact/results/deliverable_trio_readiness_audit.json,371,667b7dd6dca42e244ebdbd0699bcbba000ecaee9b48758e5f0bd530de4aac295
artifact/results/delivery_capsule_audit.json,382,97b3c7dfa0245ee001c5cec3576d2787bd2b1a8ea6336f4eef97ab0134e01d28
artifact/results/delivery_packet_audit.json,288,07b63388affaf66af4a4369469c9fdcdbe8c62a09f11b8853f4368f0b9bb8448
artifact/results/denominator_lock_summary.json,1236,b8772057ab30a5d7e7e8c629301b61bcd13f0aae89dbfde2fa104a7ad98e4306
artifact/results/dependency_free_test_harness.json,779,91947b366d8f8575249b78fe9b6f2c88e0675612ab37d962d32c5defe752fe90
artifact/results/deterministic_reexecution_audit.json,388,05681aec477e780e8447e0947ef7cdeb0f51fda5bcca9ccbcfc3916494dac2a8
artifact/results/deterministic_reexecution_rows.csv,891,530c8d9c6cf4c70a6c1776737878d4d45e522f3658f66bc7778bb65d060b041c
artifact/results/deterministic_replay_audit.json,2891,17b6f5ff223b9b4de15e4d5ba443176dec862aea6649f5a2ce50dc05540b177b
artifact/results/documentation_consistency_audit.json,682,b3d079b2d48801e50d7feefed5b34831b1327b8da0e69ce6761324461b04b3df
artifact/results/evidence_cards_audit.json,1575,bccce33c315ebd519195e9d94f9b593ab2cb8d125955f97c6f0a6ee33996b2d7
artifact/results/evidence_digest_audit.json,1526,7afeb50c0dc2a37a447c2f46c179427725a1fce4b60febfa7733cad4f2aee4b6
artifact/results/evidence_graph.json,9595053,2d3d7f43ff0868c5e7c7e9afafcb16e3b06ffd2785495d38c76e359549b5fa49
artifact/results/evidence_graph_metrics.json,841,a3ac62dcd8f15eb5a821fde0cfbdcfbb63ab241a2f4b2d874f5d4a5c2845492a
artifact/results/evidence_graph_paths.csv,101847,9cf0e4d569a8c5cfa9169c56296b0dba05ed19bae0e4365f4d04f1577f5aa8d7
artifact/results/evidence_path_multiplicity_audit.json,405,9a0991a97570e7b9e1808cdc673a19e91c237e77b4be856f9fe8a93746f3f5a2
artifact/results/evidence_path_multiplicity_rows.csv,33309,40db2abea7fa5d4c8b031925d5c46e91de766a0ed9b43d11a60ac35c03c123d4
artifact/results/evidence_redundancy_audit.json,946,c2fd20ec7efb53ee32e3a239b83d8dafe9a0d3313f9ec6abb9c0b057481daa2e
artifact/results/extended_locked/effective_exposure_graph.json,2210401,450632bdf1878fe5b53d5f67900250c22b57bbe7bbba62bd3f93273ef7129d21
artifact/results/extended_locked/effective_exposure_graph_metrics.json,1987,df9788f173017f88ad5c1822b84de658f8d246b4e2a496b2eaa75913ed66535f
artifact/results/extended_locked/effective_exposure_graph_paths.csv,5799,6e524de42b80e095215101b86b8ce5995f1ae7384548faf095d937d1f775b745
artifact/results/extended_locked/extended_analysis_metrics.json,3378,ca446eaf445deb80e1ede17c90f4007edd8f0ffe02bdfdaa8af95149674cd8c6
artifact/results/extended_locked/extended_baseline_disagreement.csv,97714,9cddca8004f61405f79f5cb1ae08a14bcb7d069e667c9fd6b5208145df928b98
artifact/results/extended_locked/extended_validation_report.csv,714,c9586b0ae6f1b5c10eb9420e76b5568f993d2f56b39cfae3493dd42d12bc1595
artifact/results/extended_locked/extended_validation_summary.json,57,0c6c2816dfa1d913424bbccdb91fa552ebe1af7fda3f5495e43aac5114323701
artifact/results/extended_locked/extended_workload_summary.json,1672,1c9545747236e9e9554844bce469365f2a2c7f1d474e7f49286c08a9389c040e
artifact/results/extended_locked/external_baseline_availability.json,539,27647968614822324d77167478391e0a0a57d92f7514680b5a322b17e8a2af2c
artifact/results/extended_locked/external_baseline_fixture_probe.json,407144,87dde8b4abf7d0030918c3da906b5715c1362a7239af599bebf95fef7bd959d1
artifact/results/extended_locked/full_ablation_metrics.csv,2724,b737b514ce1b1951a36ff5ee25cd8b86a0d2429385e218e706b15d3b0449c511
artifact/results/extended_locked/full_baseline_comparison.csv,875,92f635032cf64a04c6ae88ca568187238b269b80d38bc37ae21ffcbf7cfc44d4
artifact/results/extended_locked/full_experiment_metrics.json,7973,2bc0e8e18011ea8e55b5056abf89bcea8ece1e6220e74d5dbb0cd6a9420af848
artifact/results/extended_locked/full_metrics.json,2797,85fe4d3e8c1bb8cab393e5a37530a3695102243375d33f3bc2d0e3e3d267c08b
artifact/results/extended_locked/full_robustness_metrics.csv,9671,e8324815ca8565b57668229468e78e9048972a90f0cab4b5939ede1439792b7e
artifact/results/extended_locked/full_scalability_metrics.csv,196,0eb4facc322310a08b19ac034ced9d43a740569e029f0a81e83f65bf944f0901
artifact/results/extended_locked/full_summary.csv,69776,697963da2abbb1c317d977835f5cccc511fef9a4d0e365238bb873140a496240
artifact/results/extended_locked/full_witnesses.json,283857,fa86a9a3cd52cd44e4ed6ba73f14ce2472e6ecf13a1fd1da8e7aaa4c19cebdcc
artifact/results/extended_locked/header_presence_baseline.csv,52704,eb8dd71c431e952a8af05602f9d7faaf3ee8f1e6adb02fc2184678d2f1e2f5ae
artifact/results/extended_locked/header_presence_baseline.json,130427,06d74080e37b1c789d06a68f77b7dc9f953862bb529a7b7780a18e52df7d5642
artifact/results/extended_locked/hsts_preload_criterion.csv,60775,254981ed6b2c1bd8ecc5a81226f9436e7e1364c1b225d74f00daf87ec5ea4d4d
artifact/results/extended_locked/hsts_preload_criterion.json,169916,4017c3440c6f6a53324276fb9684690d367d9fbf86a71f498f92a3d6c16dd3b0
artifact/results/extended_locked/lineage_scope.json,365,b02de87476390dd8fa57f06637c04e39ec00b8986593668bafd408c61f35a4d5
artifact/results/extended_locked/minimization_metrics.json,152,023877fbaf3e9062173b927f40b286a49ecd3666331bf66d6d7c6d1dbce33a59
artifact/results/extended_locked/minimized_witnesses.json,799281,edc6e223dc39f3c79b6353f844a038559fd4e9830d8c3e19b6add7343b644f27
artifact/results/extended_locked/mutation_preservation_audit.csv,64237,823648e5508bbb5e12b927a7860d6856eda7d424da35975de159f40170956041
artifact/results/extended_locked/repair_synthesis.csv,78519,b021b7e8b5e04ff998b40332c5bf06d9ab9d7ebfb02687b064b8c02160caf437
artifact/results/extended_locked/repair_synthesis_metrics.json,250,bb61d4c53f18a6590902bf59473014be66a26f6fabf77147ae7464845d1988c5
artifact/results/extended_locked/repaired_positive_fixtures.json,499574,e94d5e22d24ade737d6eed2c6c393f347e1854f07132113fabe3ec7ce206b829
artifact/results/external_baseline_disagreement_audit.json,1599,940aa3704ce0f0e1233c74d9ec0a581c027672d1999724c48ef5c41f4b199728
artifact/results/external_baseline_disagreement_matrix.csv,18932,9eacc5b1be42cb23f18fabda7469c74d72189f0d143a5e4c6fb779f926750f1d
artifact/results/external_baseline_full_run_audit.json,824,58d2dbe68b03c246b8b52703159e5637382deb4f33fe88c0906507a207d57542
artifact/results/external_benchmark_contract_audit.json,861,e78da9cc32f653365a6286cecfda87bc3eee1dcadb7fce3d8d9d607acc5effcd
artifact/results/external_contrast_specificity_audit.json,2187,1db103cf3efb11aac17cee3525a45004d9ec213ea46237d8816bbf347c3df274
artifact/results/external_provenance_audit.json,743,afae59208d6836849cd0ea845dbbbfce7406659e83af58a934fed9cef4e2ccd6
artifact/results/figure_layout_audit.json,4519,939e859aaafac8fdf1c74c42f126c93142d80ba6b13da3664ac34458ff655ca6
artifact/results/figure_reference_closure_audit.json,336,03f191e26c6bce43050cf43c65e5692d82e799ba25bf0f95a530dc374c344aaa
artifact/results/full_locked/ablation_metrics.csv,1497,3513b22ae5d846569633348a1a9e3bb6f2178615296d51f7c25100a4ab0a10b3
artifact/results/full_locked/ablation_metrics.json,3828,efa0466ce650ae7033b9b362a993387b3cd658321f33585baf7f211833794672
artifact/results/full_locked/baseline_disagreement.csv,14443,d5a859561f8b6e451b6e022a93ea02c02378bb54d0d6e9a3f592e274eed13394
artifact/results/full_locked/baseline_disagreement_metrics.json,404,4cf8f3c9a3c1fee335858f76928c78f2aa086f4457aaaaf6c916c238ca6500d2
artifact/results/full_locked/claim_adjudication_audit.csv,9614,7e180a192876e0210c61af6bc6d3b9b7e500997f50aa2ddafd37d5a87744ed87
artifact/results/full_locked/coding_validation_report.csv,3177,b6795c55b761c43184bedb0ab36c9a307abb632bfefad558654387d32caf238a
artifact/results/full_locked/coding_validation_summary.json,361,dc22412fc68a9402ca6589c1ac9308b8ea12b1c2b35deea7fcd818d23f21b80b
artifact/results/full_locked/external_baseline_availability.json,539,27647968614822324d77167478391e0a0a57d92f7514680b5a322b17e8a2af2c
artifact/results/full_locked/external_baseline_fixture_probe.json,82274,3b295523cdab127c382f395f9fd3d8f3aa3835be802df7bc51d09475d8084883
artifact/results/full_locked/full_ablation_metrics.csv,2693,da4718035582de0e1ba9f0df8f2c2d293d5b40b4ce1ae1eacccb7239ed81f2f9
artifact/results/full_locked/full_baseline_comparison.csv,863,6d8e835b329e5359affa3dc97c967d8744b70b594b2b548a43107befa492a7ae
artifact/results/full_locked/full_experiment_metrics.json,5862,c0824f018cff56478b4d163e3e4b3eff4f964a9fd4eb2abb3526d21b8ac690d5
artifact/results/full_locked/full_experiment_supplemental_metrics.json,6204,56f57b658efe055e07f268a17a43d5472cab9090fa7e8a7b560104e70862e0c7
artifact/results/full_locked/full_metrics.json,2010,a85de1791978004d186d72873357a094c29e39ededc2a6e39c474d0d8a279947
artifact/results/full_locked/full_robustness_metrics.csv,1634,714a5d004b6ccb84b3bc17319ac135d85c2053a1025d1d15de4edf6eb556c59a
artifact/results/full_locked/full_scalability_metrics.csv,184,d5193f1538e7ebec951f0b8fe09907258b4aab3e57cce6d6e5969e82620d6a69
artifact/results/full_locked/full_summary.csv,12924,0473e98fd7d6b7bd64d299a17ba2f5e74d5028c6f5e15869456ebbcfc36f4247
artifact/results/full_locked/full_witnesses.json,59694,8df414e538fe80d4b7e6d65ad84030afff04208893b3e43ec8a68272f17d3dfa
artifact/results/full_locked/header_presence_baseline.csv,9428,ace980f27096903a7fa0a4e124fd39f60332d5159a622fb808a35b2d7a441559
artifact/results/full_locked/header_presence_baseline.json,25699,a0549bdc2008e7ab98c92a534a6268a48133e2004b8a9c9bbb62622dabf3a2b2
artifact/results/full_locked/hsts_preload_criterion.csv,11036,b3331b7e1a3e7bc62989d659c0ce1a0d3f2acbe3d20229616a37b295387dc144
artifact/results/full_locked/hsts_preload_criterion.json,33801,84c8bd4f27eb692a52156c07076c4a4668d904f8de8f5a9deeae5c15816317d9
artifact/results/full_locked/lineage_scope.json,351,a20199dc450c1702b823daf9d50df3752909424e3cbfdb5b03b0548f7f24400b
artifact/results/full_locked/minimization_metrics.json,148,1e5a89ba27de3f605a67c2c8248a158efc062d7869b5c944076a747b36be4a7a
artifact/results/full_locked/minimized_witnesses.json,167207,09465daef96ab9b54eb4629405c17efdc22231d91f0ac9fc6c0608d720a1494d
artifact/results/full_locked/repair_synthesis.csv,15197,0dc8415b8b72c2b866ff3ebce41f9febf8b96dd3a9016e302a785995d227600f
artifact/results/full_locked/repair_synthesis_metrics.json,247,a6459300cf8710b9d3425f4dadc02994a60a42a6face0935f015be5f9b5cf034
artifact/results/full_locked/repaired_positive_fixtures.json,90383,8c4ad84ccba705929e636b5e06f1ea1287896a2c873ee6304eb288c792d3e89d
artifact/results/full_locked/robustness_metrics.csv,243,b866b4fff6649cc9e9b60942b2805daab0956c92d390283881eba9d9cd4588cd
artifact/results/full_locked/robustness_metrics.json,668,576eeaeb7ae15ee9e1d7ebb7ed8b5bbcb126d4ad25ce81cf2ce7076dbeb299fb
artifact/results/full_locked/scalability_metrics.csv,192,ead330613b4ac552d95b137055d63e5861998d545ca03f1c503a6553ca5c8fd8
artifact/results/full_locked/scalability_metrics.json,858,084015d3d3269836867592e80012a774715569ed52db6859dcdc09fe5231b9bd
artifact/results/gate_sensitivity_audit.json,2397,48c485ec12508c8d1a6bfe91165370cc83b7fb1e574d49482df8e49201768ad5
artifact/results/generated_oracle_tests.json,372,3ef8b2f87770d92470a00b8ec78469f999626a0b82bfcf2d6a510ed06a7d4bf7
artifact/results/ground_truth_provenance_audit.json,863,12eb5ce95853173fe7504b27d9eb27f6efcc8bcd6f0f1de64d9ef7f42f56cee6
artifact/results/heldout_generalization_audit.json,614,66737e7e5091262e6289ff2ae850547abd234408574613ffae3df5405a60e5fd
artifact/results/icse_criteria_closure_audit.json,893,571998407df2608a789c22d64a1beb1e72690afbd42bc05def4ece6d3a58e925
artifact/results/idempotence_replay_audit.json,2795,2e96850547834ce270fec8d4f2cc3b72e9bec19ffd15df34fc8e6e24fe87d2ae
artifact/results/label_flow_audit.json,947,d3159ef6a207849b6608c61ddd7ad287062b6ba5967aa629abbfd3f3f7a67ad0
artifact/results/lineage/bep_stress_lineage_summary.json,574,8c3e31af4470e00485901901136791c0da5a9336f09e73f80d01e12cd45109a7
artifact/results/lineage/seed_denominator_lock_summary.json,1855,5621eb16c5109fb4a1daec4cd5343b0f379b172eff7ec5ac69c538c707528007
artifact/results/oracle_provenance_audit.json,645,11032d3cc8446d2b473440f35d85a82765d765cd57b6436d7b42f900a0509756
artifact/results/oracle_structural_independence_audit.json,1577,ae66cd9b700c16cb4ae05ce55e75a5339a1ee1e1e62248780478a06fcdac72ae
artifact/results/overclaim_boundary_audit.json,406,388212057953152eb67c26f52f6721d87ac635b2a4fc2ca2f85bc177252c047e
artifact/results/package_identity_audit.json,492,a42fc7f81757c49dc8616d2525e1f47d49a52cf3e9cbf9a1c863ac7580cad4fc
artifact/results/paper_argument_surface_audit.json,328,c454ec0a36ba400afa52cf0f9c638fa45e2e5e2dacaa26136c8b6ceb5fb33945
artifact/results/paper_claim_consistency_audit.json,1334,5e8ace5fe2979080f2e69207f33bfc5746e1c982e07ac2f8f194844099915e96
artifact/results/paper_metadata_alignment_audit.json,398,74b78bd3cc7af8a925b0b943dbb5e07e827d347def743db024f9b43311af5fbe
artifact/results/paper_rhetoric_audit.json,307,293308fea2aeab1c69c407358794c3a01c059c8520342a3d7925157d706c343f
artifact/results/pdf_reference_boundary_audit.json,818,4c4ede4b23a87de5be2af6cf8d17503c38e0d3db7ea39f606c4dfc78b658bd80
artifact/results/pdf_text_surface_audit.json,334,f6b4462e1b29fcfc1bde19d6eb19a4fa581a9efc8b1b9ddcc52bcaf23b108f97
artifact/results/pdf_visual_density_audit.json,4506,5914f83d1110e28ad7f9113c71a39eb3d20ba9f1deca4216fbcd0441ffe5ab18
artifact/results/process_trace_hygiene_audit.json,308,b818cbf5b73cfb034d84fa5268a25f7225f3735a2dd07e3f270ef00f7d6d262a
artifact/results/public_provenance_audit.json,312,6528a4ddae1c85b42da6413f404d6d0ea1dc4c7bc3fda1fb7f9d610b61481df8
artifact/results/quickstart_readiness_audit.json,324,e3f6644c8bf09d126d3aa24e445157d0f328e5d3eb922be046c9ef463d0d4378
artifact/results/reference_ledger_status.json,85,ace934f703cda2ad2f82d5c8d6b377814e121d72688fe626cc54015c1c0597f7
artifact/results/reference_role_balance_audit.json,550,b5012a6fefbe546aaf6c0479c24b015fa47925e58b6ad49a303c3196a61b1f80
artifact/results/release_claim_drift_audit.json,716,a017b007752d01c05909a1e81374b9c47d668ae089ae3e801516fec3f4f4c90a
artifact/results/release_hygiene_audit.json,243,9df0e48d3cc9c12662d74be9d20347c0aa9b00e53db30876013424f231abfe75
artifact/results/repair_locality_audit.json,544,6d32f512bbe7cf99b405f234b3b2a8da4d2228cbf2a4128da8326fa95e2216a0
artifact/results/repository_entrypoint_audit.json,268,28037fc176e2f48304f4ddade81f0387bb753f7f69b8ab33d85b254c55572644
artifact/results/repository_quality_audit.json,816,d67ddf26a0fc54f0f5a710967f071c06ee32fc0fc5e3ca32771fd7d414fff44a
artifact/results/repository_upload_audit.json,315,40fa9eb001b7746e0413cfaf1e8cc9243013c8b4a2865bcd92171272bd7c9bfc
artifact/results/reproducibility_ladder_audit.json,52979,cb27ce21e7518118234ce879f4908832a39552b194c4c77b40dd4a8714a0848f
artifact/results/rq_traceability_audit.json,944,0c63768617678d4d0087f28d7f09b230a8f0a65b5b00e65479e2731a96d1128a
artifact/results/rule_maturity_audit.json,11054,2d4d221c171c12a566ce17f52af07428343a9ce5caf5ecafd45b395a976861a8
artifact/results/rule_trace_matrix_audit.json,536,82f0326cf5215e92e4fd1e0dd63e2355d908df0a1b37576667466a896348d107
artifact/results/rule_trace_matrix_rows.csv,3980,7f9782721343f7f1fd2af62dbe02006ee3e15c16db96978d2d59e828005f49d4
artifact/results/runtime_boundary_audit.json,643,528dbaf170acc6185d9232f0c8fdd66c63bb220c16c81a74a96aa9bbfcfa2c37
artifact/results/scorecard.json,1513,1ab4a43e722a34ab0a84a44a7917be38ac32890f4e9a3d790ed0b3c52e4b0457
artifact/results/semantic_recomputation_audit.json,887,81c45bc83980d04ecc7a79ca026da3b9610850ef12e9a0c4e5cafd903c5cf821
artifact/results/source_span_closure_audit.csv,3949,c2d3b9c42b38ae5276c29cccec4673b935b5035f43bfbe6fcf50c00397f18b12
artifact/results/source_span_closure_metrics.json,924,a91a7dd6a0a63c22846375815d36303ed5f98fcfd077100258fae1881dcdd8a3
artifact/results/stale_numeric_surface_audit.json,1594,6550eaeb7be44179bed4a875fec775d108e31cb587e9509832ac385030a93f06
artifact/results/static_code_health_audit.json,731,dea91aad4892c43ed050b93dc35aa0068c2248e0a8689251325ad24b6064478f
artifact/results/strict_reproducibility_smoke.json,3765,0405f2e91e1359c1009049008fb1d966f20c1c97db5194a9edf0bb85e4e9917f
artifact/results/supplement_alignment_audit.json,244,5d6eb783ea2bbec09d52806005aa87a93991f7adc00275076a982b0ae0b744b1
artifact/results/threat_closure_audit.json,281,c26874ef879493184f5e83036678567fed939dc2af53f9895373f9492905904c
artifact/results/threat_closure_rows.csv,3012,f6040dfdc4e6c87bcbc7d71f9d61cb292239ce226e1afc3a8243f01ce20d06d8
artifact/results/triage_index_audit.json,246,9170c173e2d1c370991bfdb8d4ab8cb78667f96b4d7618752e1bcd8983f8e1b2
artifact/results/validation_orchestration_audit.json,6094,d17619a57cf37216966fc37e3f11710489b0e2485d990fa0242e3e815a31dda8
artifact/results/witness_hash_chain_audit.json,422,ac44c39e889cf665dd3566f2c795a173ed5d54c7da959d78d3495eae0a8b4c73
artifact/rule_source_ledger.csv,10121,91d9d16e48f07c8e24f111fc54baeb6de0f3e603e2f584a5e5a1672a0d4a1490
artifact/scripts/analyze_extended_results.py,8213,e34cfca525030da364c2bba8492fb98306469d9290a1b608622581f3fdd55adb
artifact/scripts/analyze_full_results.py,9115,8aa3e4bd1e0a4470d99a8e00c0604ceb808ca71aa8ed047c82aa0576a9ea1012
artifact/scripts/audit_admission_scope.py,997,3a959336e90a7024b22c3b3d972baea6b6cc0e9f548431cbc834be00693b9b16
artifact/scripts/audit_anonymity.py,5251,fe1949aa6f1df9c1ea6e86739ab8ef9ee42c4ed0a54a662d04f0f34a23d0496a
artifact/scripts/audit_anti_overfit_leakage.py,823,29d1b57aa4bdd4fc3cf801e8342f2e9765332cb9dc2dce27fb40e817d8056798
artifact/scripts/audit_artifact_manifest_reachability.py,1008,0e8aa7004e457b19be86b3582fe6e75161d35832b97b3bf6665228236920e974
artifact/scripts/audit_assessor_objection_closure.py,980,d11b086a11a0137d6c1a1f978afd46edb3887440e7b1e3bc46d70116c10dbd51
artifact/scripts/audit_baseline_contract.py,8040,ce25f0cae2da95b61b47ce984b9967f411428af7eb822d971760108b62eb84a3
artifact/scripts/audit_benchmark_fingerprint_disjointness.py,1261,cc886ae8931e126f6d291dd6558ab4eced0847bfc09a17fe09307e0ce0e26e4a
artifact/scripts/audit_bep_max_integrity.py,6510,94bf880772c5926e204f235fbd4c67b227b3fe4c56133f059c6e6ecf273f5d23
artifact/scripts/audit_bibliographic_metadata.py,5162,15801128f303210ec82e08e1c4d0d8f23b89ae070c7213438b549c90b32f74f5
artifact/scripts/audit_boundary_conditions.py,3723,6a4223b611ee14821d3ca3501ac02a57236bb520d307674f0502bcbe5c410b51
artifact/scripts/audit_boundary_coverage.py,6089,95b870ff894f8670fa2d3887346b754d865950ccd2764a58670e479d9e41eb9e
artifact/scripts/audit_causal_counterfactual_activation.py,1261,89552b9beee63dd06e37a3ea9b5410a4ba20ba20c905daed3fe2f2f3f292ccb9
artifact/scripts/audit_claim_impact.py,1208,3840102190b10ce0dff355803058dd8c3e9d42f1a6d8e5a10e80ee3af05d985b
artifact/scripts/audit_claim_rule_coverage.py,1041,4193c0a54dfa206329da8353c9546b502a3f2d96c8256154a93eda39942108aa
artifact/scripts/audit_claim_trace_saturation.py,1203,4a3db765b60143a464384482823f44bb0c7c7bfdca2aa39419a354b75a01912c
artifact/scripts/audit_contribution_trace.py,943,288aa39e2d1d4ee463792b164b4a0efcd231c30e38ba21dd1278f329faf1aa84
artifact/scripts/audit_corpus_stability.py,1169,5d3da773137c28b51105cebabcc7662411a06092901c132a98e50c0447c80a1e
artifact/scripts/audit_counterfactual_roundtrip.py,1216,65c232ce82633552ad14690c954973cf056a7a9b887c36e8f61027f8b0623345
artifact/scripts/audit_decision_purity.py,1019,c858a6b79bc2aec848a0a13bc53e4214d88a188dff5f60490a64a0a1717c1daf
artifact/scripts/audit_deliverable_trio_readiness.py,992,ce598a1c003dd208e0da71a22f73cb9a3df806e1891265ef899789ecaa713ab6
artifact/scripts/audit_delivery_capsule.py,958,35d19f1c2e85ff643b0507610e0a32e58e8d7130b83a32eb9419d02202a7ec08
artifact/scripts/audit_delivery_packet.py,952,bbf411622e5b600940146f959880d9c3d24c20296458159a97ea79988c61f1e8
artifact/scripts/audit_deterministic_reexecution.py,1288,843aa17ceded7ba0c68a78cc98293379ab947bb9fcd5832653f3f35f57f6fb90
artifact/scripts/audit_deterministic_replay.py,1048,c9faf1efc43fcf9bc4e89c8724c661a0010ebf34232a663c67892c6deae491c8
artifact/scripts/audit_directive_fallback_conformance.py,6116,97e2dfd40a8bcdce394ea7bf89746438d8cbf3662184f337708b92601e6f0f31
artifact/scripts/audit_documentation_consistency.py,1040,a1fbefca038ff21152d0b1400aeb6d7d18255beb9f54afab7b60f07714185007
artifact/scripts/audit_evidence_cards.py,1137,9baddc6cbf4fef2ec88e93839d2e8c4a5efc35293117862991dcc14594677d0f
artifact/scripts/audit_evidence_digest.py,946,28756437f2c8e0bd53161688370e906aaf2c6fcd3c5d778627ed930e9ccdeaca
artifact/scripts/audit_evidence_graph.py,1035,d62ac86a04a8b6a761aaf3d26e34350a72ff434dbce9a83ef23905075e946c70
artifact/scripts/audit_evidence_path_multiplicity.py,1205,a86210223edce1cead6929aebdbfdc420559263469a398bc5a57d0e68e931a4a
artifact/scripts/audit_evidence_redundancy.py,1066,18e291f66452b6337128f6221024f6bf10675b03d96d5065ec9db4d471c00540
artifact/scripts/audit_external_baseline_full.py,927,44c17d75d8853127a338a06b5061208feb44e9288199f3701420b022bcaccb56
artifact/scripts/audit_external_benchmark_contracts.py,1104,7f5586ad4e08d34488944dbe9a1ea5ada17ab6daaa4e293fc8609fa44520e70d
artifact/scripts/audit_external_contrast_specificity.py,1225,4fab6aaf36d8b40c783e504b1ca40469ee8872ef4654cc5cd40673b55424e351
artifact/scripts/audit_external_provenance.py,1117,0d4c9ccf4e9f807effa3c1ae63597290ddd499f5de2a2646ab1d40a9181ce38a
artifact/scripts/audit_figure_layout.py,1052,b5b237099ef852f0bec04d64bbed888aa7226634a60790253e0fd6e587220c15
artifact/scripts/audit_figure_reference_closure.py,997,406e4223088c39a89e586d53dd89adca65bd45190c8b60f1ff73bb5559972e20
artifact/scripts/audit_fold_stratification.py,1178,70dc505ff519c6ff9b352aa3029b60a7d997e3aab9e8790b7ddc5603ebffffd5
artifact/scripts/audit_gate_sensitivity.py,1031,734a47d768733c5cad7f543163b2c7d17bc41a6e1a8e4e0a16fb8e7bfd014ba8
artifact/scripts/audit_icse_criteria_closure.py,940,b7aa54036fe69331b958171ebf29deca88428fe9657d310f02f6c0c424b710a6
artifact/scripts/audit_idempotence.py,1038,875252f6575f42e11c90d94b1da75eb5e697074464d3617e985077177efee0d8
artifact/scripts/audit_idempotence_replay.py,1002,1fd033eae123d2005414eacbf9e6538c1cb074ee75efc88be0b5d2a54332b2f5
artifact/scripts/audit_identifier_blind_replay.py,1225,0ecf70b7b1f351e13815938ddfeb6a77f02b741c0e40b1e9377b014f61ba7538
artifact/scripts/audit_interaction_coverage.py,1277,48c258f0ddff9d1f6f6d5fc3a30c7400b4a519cdb758619468ba3dffb83c7f74
artifact/scripts/audit_ir_schema.py,1641,72c946a798b66cd2655a93f14eeb2ef202747fe3e8e3d5b01c74898a728e5dea
artifact/scripts/audit_issue_evidence_depth.py,1185,d4c17b1e9b5372fb8eb8eebca568e504307674c39d67e0a6e2800291f4db638c
artifact/scripts/audit_issue_evidence_matrix.py,1178,66baf8812b0a702060d5d71b2de51854b49652e79f75b64fa7d93c0b545d1d3b
artifact/scripts/audit_label_flow.py,979,7d8f0a1499e4291f1ade2a11a4359dc3702322106a2c3a7700361d60341af442
artifact/scripts/audit_latex_source_integrity.py,4760,2d47966ef23fce9bbd60b9196805f1aa43191aa0903bba0f2f2c6f9b099e3f7b
artifact/scripts/audit_materialization_lineage.py,4157,120531dec13cb1c6abdec61b8c715ab7a4b6901950cefce879e688632b1ba283
artifact/scripts/audit_minimal_pair_closure.py,1217,b9367cfc07265dfdc2ec9f9a4ea48e1db564a145eba4ebf10194dfa9e98d531d
artifact/scripts/audit_oracle_equivalence.py,1173,05593a033131a187e2301bf45129042b81a0444fa64c079c28c9bad4d1c6c51a
artifact/scripts/audit_oracle_structural_independence.py,988,f97c7dc632074d1d727ba4354fec66f80bc8215296d9c643f13c60abcc58462a
artifact/scripts/audit_oracle_triangulation.py,1226,f7e6989831856dedcc15130c4825f6f5887353464ba66b8e0fe99195225e1524
artifact/scripts/audit_overclaim_boundary.py,886,03f0789e8b2ad7d7b00a6194681c81f7427bcf937d3490251a3bf9120fae581e
artifact/scripts/audit_package_identity.py,997,d2261d9cc57d57706dd9d429de5aabf75ab9048ec249e248ffc3ca04fc5e0f6d
artifact/scripts/audit_paper_argument_surface.py,994,a9cddb252dcc5f659916611b14ae858686367ae7024907e9c6c9fe78885e3fb0
artifact/scripts/audit_paper_claim_consistency.py,1014,09a611ff2aa073f02cc9409b3d97c3dc20f7798afd542e567d428b249e431ced
artifact/scripts/audit_paper_metadata_alignment.py,986,c74cd58c7e0fd258163cdc096a56fd34724e0a6ff1736a5e7fd5f1e8493f29ec
artifact/scripts/audit_paper_rhetoric.py,897,ec01abb8f47fbe7915973acadd47a0e52dd792649a3096a38552c77d7e5ece63
artifact/scripts/audit_pdf_reference_boundary.py,999,abbbf089c3df83dd713275cca949171ff7c6d8052174cc53b8e73503905edb84
artifact/scripts/audit_pdf_source_compile.py,7696,024e6a0c2f76bff7350e177aea2f15e91822ad2c9e59d37a59498a8646706714
artifact/scripts/audit_pdf_text_surface.py,876,d34ac77c197d1f0ea1a36d007bf3f2f5c9957b84d437dfecd9f225eba90af88e
artifact/scripts/audit_pdf_visual_density.py,1170,84f6c96e79b0d2716d389365463af7791a66858633c6345a237394b612a94100
artifact/scripts/audit_process_trace_hygiene.py,1030,9b47b4d3671b2398e34bbcd95f85ba25829ce6e2bb7cf318d842a9c379d517a5
artifact/scripts/audit_protocol_amendment_integrity.py,7092,6b40bb7817d121d81ca2bca46f29d2e9bfe926d2c1068583204b1b6d716026bd
artifact/scripts/audit_protocol_rq_consistency.py,2137,cff6671ca763bd666f79e429e4ba2a0faed710a553bb51e018fe35cfb1ea88cf
artifact/scripts/audit_public_provenance.py,881,c52edfb621cd40cefef86b04c2b2a643b295f929f7006703ccf8add47d1ff6b1
artifact/scripts/audit_quickstart_readiness.py,962,56094672120a68c3e4831679d5de5d3bd68126e06582e04f5620d8290085e068
artifact/scripts/audit_reference_integrity.py,4072,0134fe6451e313e86803d40f67ad9fe1db44c469c00dc92d09d18b81f63aaf62
artifact/scripts/audit_reference_role_balance.py,950,0b0ed71fbff7c96de8fd76e8f3bd6a5b6bed6713424d1098d4c85c7b6897c6e7
artifact/scripts/audit_relational_oracle.py,4187,054268c458bf8deffee40c8ea337913f580a3b0865ee5a2077fc00f7bc30c386
artifact/scripts/audit_release_claim_drift.py,998,bd981656f1a4d2f25371fe94a5d4f3f464a8aff403e6900744431d8f7b31116a
artifact/scripts/audit_release_consistency.py,16807,894e40d16e4454d30e20b22fd75c403178dedc19bd9842772e465a1272a6bc17
artifact/scripts/audit_release_hygiene.py,949,c6c1818aa5a088282359d7e8ddd2f9298ed45f94079d34665006fd7ff1e9366f
artifact/scripts/audit_release_language_integrity.py,4563,517c712ab56be04387d269f38570a314ab4641239f37743ac246c8680268deaf
artifact/scripts/audit_repair_compactness.py,1262,d179134e32b075eb14ebc6755eb7da1dd959ec1d68f9e703b8f174761c90b30e
artifact/scripts/audit_repair_delta_replay.py,1235,d36f787de13f6ccf1e4d14d170dee543dba1f0571457c7a5f59d032d8cfce6ae
artifact/scripts/audit_repair_locality.py,1167,6a0eaf48b2c72f296c91ab1bd9bd9b4f02e1c9b2eead1c87a7183f3f7dfd40a9
artifact/scripts/audit_repository_entrypoints.py,968,eb16293b7d986bdc0b976f94622a655157e48b80ab571b8c0ccff8db5461f672
artifact/scripts/audit_repository_quality.py,1183,f8d064a6180eddf24d4a7cd55e050a8e52e0107443a10955b1548c2abbee8af7
artifact/scripts/audit_repository_upload.py,881,8fbb5f3cc37322439f766ed2112749597bdb67d5bd2c3ffdbd865d688a3f7e6a
artifact/scripts/audit_rq_traceability.py,1065,15fb3e1545212b55833fa9731200c5e9609d197fc0965ffbb8134aced5e55565
artifact/scripts/audit_rule_maturity.py,1187,4d556440041cb303445d3d09b44262e0cd8e548517e7edcb8e07fb93f5fe6f77
artifact/scripts/audit_rule_trace_matrix.py,1138,8d9c0beb4f15bd54d6639a6e1b95745c81d182a463c070c8dfb223c02df01afa
artifact/scripts/audit_runtime_boundary.py,1021,4016e865ce38f22acf580a7cfa11fbc4374a6c505983b2bfcdb2414383327bfc
artifact/scripts/audit_scorecard.py,913,8a6f52d1845f1a0646d614a40f0437269b22136467f12fe21013ca1b43ed2382
artifact/scripts/audit_semantic_recomputation.py,8436,2aed5c1553a5dc7b01369117f68f15cf3b0f1a99454e1bd1497f881f041681b8
artifact/scripts/audit_source_span_closure.py,5039,23227a695e5ef928cfa536363e115e4fc2c8ed61a3184fe49b68e480bf6e92d9
artifact/scripts/audit_stale_numeric_surface.py,982,9cf7e09850032facede1e3dedee0627602681bb3f5100ffc8b3eb8679131ad88
artifact/scripts/audit_static_code_health.py,1085,940b6fb3b6ba70d8774d90e81caddd365e22c437d65653185c6709c2b126a3f6
artifact/scripts/audit_supplement_alignment.py,979,6c05b9cb881b04874a1188325de50b6800268679d5ac2262ebc4afdc4f65ba79
artifact/scripts/audit_theory_proof_cards.py,1039,8b3c0882bb2d8afcba73160307887ea1f7f4a31fd6e2e54f290178fd5b9570e1
artifact/scripts/audit_threat_closure.py,1113,a8715ff3dc1c7038d947dd08f6882acfa960e99adabd16a9fc8f0ac956dc92be
artifact/scripts/audit_traceability_obligations.py,7773,f0adf207afa6d0397610031e8658734fe337c7c79470c2ab9656dc5b7f4c0950
artifact/scripts/audit_triage_index.py,939,8db84bdbbe2a798d9d8599d4a61ca7711af82bde19b5eeefc32a76593659a532
artifact/scripts/audit_validation_orchestration.py,10599,b799c5dc0f427dc99f6b99159f0790f4af3561fe661a002c3ea383bd1dd0c4fc
artifact/scripts/audit_validation_report_consistency.py,6792,c745f64c758c56b052de099f5fc1200a5c3dc9a47f2362f90d3637e0afd323e8
artifact/scripts/audit_witness_hash_chain.py,1190,7729debeb49040f3521e24cecffd7058dea162fcbc5d60b4064d6c09e82e075a
artifact/scripts/audit_witness_repair_bijection.py,1117,291e6554029c500860018e7abe07d7726d9e7ede5617d3b459fb80a2280a1c92
artifact/scripts/baseline_header_presence.py,4129,d480257883ec0c1dd434ca391e71b78b5f1b2d8b3d0a50f3d682ddd1e7f06f12
artifact/scripts/baseline_hsts_preload_criterion.py,3149,d353648282963a95182fb3d570226a13b044eaee100e31c24c712c1d96e0d162
artifact/scripts/baseline_wrappers.py,11660,551255ba10d956a58dbaab225a9cef5d04e5dd7e9743aeaa0bcf029b6098f026
artifact/scripts/bep_semantics.py,34115,a9ebb276c5a68656651b6c0240708379123cbd73d6550f5b8a61d597453e7090
artifact/scripts/build_exposure_graph.py,9865,0bd9462c39af54bd709284760c9b56cca8a1cbb05558e695f8eee011c89ed2b9
artifact/scripts/certify_control_witnesses.py,5424,3b3555b82d03fddf80a9bec21da83829a90097d9513c758623f8c3ebb26b8867
artifact/scripts/certify_proof_carrying_witnesses.py,10858,0e64d25494f6d75a154be93be183f3f4f78a0ab3c37f12ce084f0cb2b77aa81d
artifact/scripts/certify_repair_frontier.py,9648,fe07a16e8a8e79a6826f2db39332c4cc28853a4d075eb8f39bcced1c507773e7
artifact/scripts/certify_witness_minimality.py,6549,482126951954ceb87dbbbdc55cafebcc2df14e1bddc6896ad6a9f10ec68cf579
artifact/scripts/check_artifact_clean.py,3650,059600ddfa39574eee7b60656f709e8861dded8b51b979535ccf5cc077134f80
artifact/scripts/common_paths.py,1599,35b76cc7d12847c1e1f14b55338360d2ae5fd03af33c90758173f055cd1917af
artifact/scripts/construct_paired_repair_controls.py,6175,b6321cc7d3030aeaae4638f05f9ec41bc044a4bdb16e283a0d1f24f93ce31d6b
artifact/scripts/decision_table_oracle.py,25137,34c1b0b9e4470f6b6b91f5f36a4f2ac0510910db764931a8d47d4869e4af6d5a
artifact/scripts/fixture_server.py,2475,33761591cd085b6aac1c2f16cf4a77a2b2854903639c66cc60f189ca8877c21a
artifact/scripts/generate_adversarial_validation_suite.py,9044,1545db151d77fa2f6076d084fc552b28e17c4cd1366d4708c628e53a49169441
artifact/scripts/generate_extended_workload.py,19183,d097d23c86dc9e5bc45c13bd22cd1272bc1103568d11be426474d634ae17a25a
artifact/scripts/generate_metamorphic_workload.py,5596,4a43394fafd4b4fa8af2b2fbc7fda33f595a257ff6a772a0c79750948d493267
artifact/scripts/hstspreload_header_helper.go,796,41a7e1d0b45a45ed1f0a8e28b92c39040cab3497f452cf54b7f2a95edd213c07
artifact/scripts/materialize_locked_inputs.py,60193,d3fc5a8c4d8cfa0916f8437043b1d550e2faa786570f3bcbbc3e9d4b734713cf
artifact/scripts/minimize_witnesses.py,7598,6ef144638d7a17d0da95fbc7ff857f8954e38f70407aeb4198f2140302954876
artifact/scripts/mutation_adequacy_audit.py,7552,74b808c1fb4e4e54160d1107f55091b3d0d1c8ff9cbdb7a7344359ad90f54eec
artifact/scripts/recheck_witness_certificates.py,1403,82c99907e32abde2499cbf7029b169b5ec04d226f7d91d610d617fe20e74a266
artifact/scripts/reviewer_verify.py,2115,e0f8a16b4fd30664adf69f1db29aa0c28acc5db80bf740f4d022c4e05e465e9c
artifact/scripts/run_dependency_free_test_harness.py,1059,f3dc7fe3513502953ff17b378ef5cb125e5064e145bedd3eeb6e4b63a979f0f9
artifact/scripts/run_external_baseline_full.py,1674,fe4057abd06becce4d5aebf938ad5d5f4cd0c5abd48ccb087f3c498e0e1baa45
artifact/scripts/run_full_experiment.py,3891,8f7600f87530073835162744da565af71b2ae723ffe83a2fa93c95aadd400751
artifact/scripts/run_generated_oracle_tests.py,2986,07954ed5e09789dc92341700b0af9853d15c0265a0e0b15dc5f3bd0874ee5c87
artifact/scripts/run_mutation_farm.py,1337,82eb92e05756d4de2c55b2b375c8f9e4b6b4827e50115b15ce2bf38a1679a201
artifact/scripts/run_reproducibility_ladder.py,5321,0ff85a6e0a57e97e78e583a549ff00d5cd3d3b6c7e581d2c4f17f539aee0d56c
artifact/scripts/run_scale_stress.py,1126,c340849a0a9a0d5c51cfa5677123c3c9f97dd046e79a01dcb8dc982b09417591
artifact/scripts/run_shadow_generalization.py,1896,5945a92d143021f5baea3bded61e7f3c68788c30e2715f9ba6a7d0f5061f90da
artifact/scripts/run_specbench.py,1602,019162d548496c314d59a665a27ef7b5ecf60a64a25c66007db968ae7460f7af
artifact/scripts/run_strict_reproducibility_smoke.py,823,9bfd03e8e34a918dc734c840424f809edf0f0e50cc49b8522e1caab707431799
artifact/scripts/run_validation.py,43208,2896b4d55cc026063bc7dfac8febcbc8f1571173183c57df662f4cd241cb4c39
artifact/scripts/summarize_locked_experiment.py,11458,a5d47cfba817dec66524b89234bf6f97fc08fa5355fbbf75ce1d22e7f1e71761
artifact/scripts/synthesize_repairs.py,12129,04d517e4ebc8a4d659b9a45d9e130fadf481b391f3fe622bc1bb5ff29a78fae7
artifact/scripts/validate_claim_coverage.py,6831,09c5717dccedacb9f5a244c2eb321a967626dd97305b32d1146beaffcd45fd37
artifact/scripts/validate_corpus_and_coding.py,12971,314fac180d193cf6aa6f33f9ecd44bb042201141b01aa8356be6b8bd46fa74f9
artifact/scripts/validate_evidence_redundancy.py,3570,2675833f88f8925220fb4400035048439e9d936e4c8b7ba68eb1955eafbc116b
artifact/scripts/validate_extended_artifacts.py,4763,3bf0c82e1d2522fea60e02d5942da573a2ad63909705e378c97fea6a2707dadd
artifact/scripts/validate_locked_artifacts.py,2315,574760dd60046941ab9a73628020162ed43233a6f3dd1f9d1503f2c30b414d66
artifact/scripts/validate_locked_corpus.py,633,8be1048e53b577096b488b2c19119a89cd74f4b882d69f05455ada958f4181ef
artifact/scripts/validate_repair_obligations.py,6753,91eaf8435fddcdcc861e5f8038a355b34d9a3f9a0b5e6556bfa45e87055c7e57
artifact/scripts/verify_cross_policy_contracts.py,9618,5c952aec0b23e09af57e44726e9d0ce868b51da257e9e05b41666b5347450f37
artifact/scripts/verify_lattice_proofs.py,1954,e2d57dea81654ea2c5149f2341e1987b119d9ff1a0aa3228876f786215983060
artifact/scripts/verify_metamorphic_relations.py,1685,84c7abf7dd67e4a9d2eeee33ebd590385d39d7fcf01cf2bcc4a68ff943f73159
artifact/scripts/verify_semantic_core.py,14024,e88422aa820f0fee5b79b752710be586aaf2ba7793125d134e620a5ef7e1302e
artifact/scripts/verify_theory_kernel.py,1190,09388304a9151f25e7a0418e7491bf906acbbe741ed5d5a14285e92c4ee374a8
artifact/source_manifest.csv,7454,28709731363e9ba5be3214853fb766c237da22af64670a68fb917c55e7f6659e
artifact/source_snapshot_manifest.csv,6763,ae6235c5f3ce6e282d73e65e6424484f07947f7ba10d41d6b26de5d2ed804bb7
artifact/source_span_ledger.csv,11568,53925b7e5269ab39308fb58a95c68ba0c560408beef26f7c8df93c2125428e63
artifact/study_independence_lock.md,2336,0a721afb69ccee3f2f7742a18c1ee3b8194c1e7f34a563fa604be574b84b0bb5
artifact/study_protocol.md,10971,2bb062a82b910c41299fa86457f199e84137001050ffa44a749dfb49746d163c
artifact/tests/__init__.py,61,0f869778f994a6e0feee768edf1a304f00574481b0a3b314bc48cb8187ff8fb0
artifact/tests/support.py,2597,3919f5cf87112136c4adcead921f3dd3cf8a69264f8edb477aae5a6262c69d22
artifact/tests/test_clean_artifact_hygiene.py,1959,e656f5242719eff41a9ade24c3e670f94534a7bf3f6170dcf397611dcbefc28d
artifact/tests/test_locked_fixtures_generated.py,222492,0ea100331cd5874c30d43369521cff7359b414b923734c9e240c419a0761ff15
artifact/tests/test_unittest_bridge.py,964,ba438acab7b814331143e02323d72521eb9102363576596beca4b69ee84ed95a
artifact/tests/test_witness_certificates_generated.py,80018,bd2bcc134c4ce80e7349dbea5f5145a993c7655e4d95048ead75c25dfa89d022
artifact/triage_index.json,1553,cabbc068b8067db045c1ac1ad015745d6797a6c3158e0d1782a5d28aff4baa89
paper/IEEEtran.bst,57748,314f0ece704568faf827011bac498650691b2b5ee06320720830e782416d5a5f
paper/IEEEtran.cls,288304,c972aca108fda004c3514d63658e02816da2e54d9a1451e870b9bd970e003f55
paper/figures/drift_model.tikz.tex,2223,3a4e3a85fe5c497f1b2d1687edb8ea386ab1d7f92a11d0470ddb36be5c593fce
paper/figures/issue_distribution.dat,167,67a5be0727bf9342530a4ef9543475716ca08af63a1b0d9ff335899765d7d134
paper/figures/method_pipeline.tex,2362,6c5c638de8bbf06d8b9e6c2e8f1aa8a80bca9c5c6c45b9db59e381cee9bf7490
paper/figures/witness_distribution.tex,644,0149802a2fd669aa4dbf0a8e04fe7b9abaee4274a092cb66703576b2a9e0b406
paper/main.pdf,213580,da3709bcd8497f273f1b617a299c6488ee8def5e6255870fe8cfb31b273eb4a6
paper/main.tex,53782,1c7dc75f5daa33a544f05c49d700ae3ea3032bb456de279bde4065dea9f7158d
paper/references.bib,20691,e434a6ea1309dbecac32c7729b95ee193c8cecd2e52e7b0c6f2f7c26d59c8c7e
paper/sections/proof_skeleton.tex,1843,77394225f8e8156760670ea8b6bf8292c6708b6cdefe0e2e66dd1e40cb71392a
paper/supplement.pdf,132458,7f76cea659c6b3f6f91bf0cc5b05bd4e880d3cc4b15e7dd40622ccf4b2364998
paper/supplement.tex,45879,50c9bb108b26defdc002334a7ae91be09f0a539c14ed4d6769a292a3e3d226ae
paper/tables/ablation_summary.tex,882,4ae87f20e913345c79e591e5f83648c410488095ff805030dd3bbd556429e619
paper/tables/baseline_comparison.tex,3917,f799505b15753f5cc4274dc0f4f0fa53e10c81b0089a4c532ca6adcd50ba5382
paper/tables/result_overview.tex,1159,619cd88bacb7f10e594bd0208f9c7d721baf02af8c5de9d8b2a940ff4f96b063
