date,amendment_id,affected_section,motivation,change,data_observed_before_change,why_not_result_improving,status
2026-06-20,A001_K_LOCK_ACTIVATION,K lock,"Materialize claim-level corpus, fixture manifest, source snapshots, rule-source ledger, and checksums before full execution.","Activated the full-experiment denominator: 40 claims, 82 fixtures, 62 positives, 20 negative controls.",Pilot-only feasibility results; no locked full result observed.,This fixes denominator and prevents later deletion or relabeling; it does not use full results.,closed
2026-06-20,A002_EXTERNAL_BASELINE_STATUS,Baselines,External baseline packages/services are not all executable in the offline deterministic environment.,Record exact unavailable/pinned statuses and execute only separately labeled internal controls.,No external full-baseline result observed.,Unavailable baselines are not replaced; disagreement metrics are labeled internal controls.,closed
2026-06-20,A003_L_EXECUTION_RECORD,L execution,Record locked full-experiment execution after K activation.,"Ran locked oracle, controls, minimizer, ablations, robustness, and scalability on unchanged 82-fixture denominator.",K lock hashes and denominator only.,Execution record; no RQ/metric/label/denominator change.,closed
2026-06-20,A004_PROTOCOL_TEXT_COUNT_CORRECTION,Study protocol locked corpus denominator paragraph,Align prose with materialized corpus and protocol-lock counts.,"Corrected protocol narrative claim-row count to 40; fixture count, positives, negatives, RQs, metrics, baselines, and results unchanged.",Locked corpus_claims.csv already contained 40 rows and locked fixture denominator already contained 82 fixtures.,"Text-only consistency correction; no row, label, oracle rule, metric, result, baseline, or negative control changed.",closed
2026-06-20,A005_CLAIM_SCOPE_CLARIFICATION,K/L interpretation and paper claim lock,Prevent overstatement of the locked source-claim corpus as if every claim row had an executed fixture.,Clarified that 40 public claim rows are in the source corpus; 19 claims are linked to the 82-fixture executed denominator; 21 claims are contextual/nonexecuted evidence.,"Locked full results already completed; no metrics, fixtures, labels, oracle outputs, or baselines changed.",This restricts paper claims and separates executed evidence from contextual evidence; it cannot improve any result.,closed
2026-06-20,A006_SUBSTANTIVE_WORKLOAD_EXPANSION,"K/L denominator, algorithmic workload, and evidence graph",Coverage analysis identified insufficient algorithmic and workload breadth for the intended claim boundary.,"Expanded to BEP-Stress: 44 claims, 35 rules, 116 base fixtures, 554 stress fixtures, 418 positives, and 136 negatives; added layered composition, CORS cache context, HSTS scope/preload cases, CSP framing/composition, CORP/Permissions edge cases, repair synthesis, metamorphic variants, and an effective-exposure graph.","Seed run had 44 claims, 35 rules, 116 base fixtures, 88 positives, and 28 negatives; the BEP-Stress denominator was recorded before upgraded interpretation.","The amendment expands rather than filters: seed families remain, added edge families include new positives and new negatives, and no old failures were deleted or relabeled.",closed
2026-06-20,A007_BEP_DEEP_REPAIR_CONTROL_HARDENING,"K/L denominator, semantic-core verification, witness minimality, and repair controls",Post-upgrade audit identified that BEP-Stress positives and repairs could be attacked as self-confirming without paired repair negative controls and independent proof obligations.,"Expanded BEP-Stress to BEP-Deep by adding 418 paired repair negative controls; reran the oracle on 972 fixtures; added finite-state semantic-core verification, minimality certification, and repair-obligation validation.","BEP-Stress had 554 fixtures, 418 positives, 136 negatives, 418 repairs, and 348 stable variants before BEP-Deep execution.",The amendment adds controls and proof obligations rather than deleting failures or relabeling positives; it increases the negative-control burden and keeps all old positives traceable.,closed
2026-06-20,A008_INDEPENDENT_ORACLE_AND_MUTATION_AUDIT,"Validation, oracle independence, and workload adequacy",Validation analysis identified that BEP-Deep needed independent oracle redundancy and semantic mutation adequacy to address oracle/workload coupling.,Added an independent decision-table oracle cross-check over all 972 locked fixtures and 351 generated finite states; added 28 semantic mutants covering weakened and over-reporting rule distortions; added evidence redundancy audit over 45 claims and 35 rules.,"BEP-Deep results already contained 972 fixtures, 418 positives, 554 negatives, repair controls, minimality certificates, and finite-state verifier outputs.",The amendment adds validation burdens without changing fixture labels or selecting results; surviving mutants or oracle mismatches would have weakened the paper rather than improving counts.,closed
2026-06-20,A009_CLAIM_LEDGER_AND_PROOF_CERTIFICATES,"Claim ledger, validation, and proof-carrying witness certificates",release validation found that the HSTS preload fixture family used CL_HSTS_05 in BEP-Deep but the source claim ledger had not materialized that explicit claim row; the same pass added row-local proof-carrying witness certificates.,Added CL_HSTS_05 for the HSTS preload eligibility intent; synchronized 35-rule ledgers; regenerated deep fixture manifest/checksums; added certificate generation and verification for 418/418 positive witnesses.,"BEP-Deep labels, oracle outputs, negative controls, repair controls, finite-state checks, and mutation results were already locked; the claim-ledger row was a traceability completion, not a result filter.","The amendment adds a required source row and certificate burden; it does not delete, relabel, or add positive findings, and certificate failures would have weakened the paper delivery.",closed
2026-06-20,A010_BEP_MAX_ADVERSARIAL_VALIDATION,"Validation, repair-frontier certification, and graph traceability",Validation analysis identified that BEP-Deep needed adversarial surface variants and local repair-frontier checks around the locked denominator.,Added BEP-Max adversarial validation with 4306 generated cases; added 418 contrastive repair-pair checks; added 418 repair-frontier certificates over 1230 local candidates; enriched the exposure graph with certificate and repair-control edges; added issue-class boundary-coverage audit.,"BEP-Deep labels and oracle outputs were already locked: 972 fixtures, 418 positives, 554 negatives, 418 proof-carrying certificates, and 28 killed semantic mutants.",The amendment adds validation burdens around locked results without adding or relabeling positive findings; failures would have exposed weakness rather than improving result counts.,closed
2026-06-20,A011_SOURCE_SPAN_CLOSURE,release traceability audits,Strict review found that source_span_ledger.csv was stale relative to the release admitted claim table.,Regenerated source_span_ledger.csv to cover all 45 admitted claims and added deterministic source-span closure audit.,"BEP-Deep labels, metrics, denominator, baselines, and expected outcomes were already locked and unchanged.","Traceability closure only; no fixture, source claim, label, metric, baseline, negative control, or result was added, removed, or relabeled.",closed
2026-06-20,A012_LATEX_SOURCE_INTEGRITY,Paper-source and release validation,Strict source review found non-rendered prose after the supplement end marker and main-paper release-gate wording that looked like implementation mechanics.,"Removed dead source content after the supplement end marker, moved the necessary release-consistency explanation into rendered supplement text, rewrote main-paper release-gate prose as validation-state coherence, and added a LaTeX source-integrity audit.","BEP-Deep and BEP-Max labels, metrics, denominators, certificates, and validation results were already locked and unchanged.","Paper-source hygiene and rendered-prose repair only; no fixture, source claim, label, metric, baseline, negative control, or result was added, removed, or relabeled.",closed
2026-06-20,A013_MATERIALIZATION_LINEAGE_CLOSURE,Seed-lineage materialization and release validation,"Strict reproduction review found that the seed materialization path printed denominator-shaped output and refreshed only some rule-ledger aliases, which could make lineage data appear to be the release BEP-Deep denominator.","Made seed materialization output explicitly scope-tagged, refreshed all canonical rule-ledger aliases, rewrote protocol_corpus_lock as a seed-lineage record, and added a materialization-lineage audit to release validation.","BEP-Deep/BEP-Max labels, metrics, denominators, certificates, and validation results were already locked and unchanged.","Lineage-closure only; no fixture, source claim, label, metric, baseline, negative control, or result was added, removed, or relabeled.",closed
2026-06-20,A014_VALIDATION_REPORT_AND_LINEAGE_SCOPE_CLOSURE,Release validation and traceability reports,"Strict release review found that the public coding-validation report and auxiliary source ledgers could lag behind the release 45-claim admitted corpus, and lineage result directories lacked explicit scope markers.","Regenerated the release coding-validation report from the release corpus, regenerated auxiliary source ledgers from the admitted-source snapshot manifest, added explicit seed/BEP-Stress lineage scope markers, and added a validation-report consistency audit to release validation.","BEP-Deep/BEP-Max labels, denominators, certificates, oracle outputs, mutation adequacy, and repair-frontier results were already locked and unchanged.","Report and lineage-scope closure only; no fixture, label, metric, baseline, negative control, or result was added, removed, or relabeled.",closed
2026-06-20,A015_SEMANTIC_RECOMPUTATION_CLOSURE,release semantic recomputation gate,Strict release review found that the release validation gate mainly checked materialized summaries and did not recompute the central semantic outcomes from released inputs.,"Added a deterministic semantic-recomputation audit that reruns the BEP-Deep operational oracle, independent decision-table oracle, finite-state cross-checks, and BEP-Max dual-oracle/hash/source/label checks from the released inputs.","BEP-Deep/BEP-Max labels, denominators, certificates, oracle definitions, and result counts were already locked and unchanged.","Recomputation closure only; no fixture, label, metric, baseline, negative control, RQ, or result was added, removed, relabeled, or reinterpreted.",closed
2026-06-20,A016_RELEASE_LANGUAGE_INTEGRITY,Release-facing source/resource metadata and release validation,Strict release review found provisional pre-lock language in source/resource ledgers and obsolete plan files that could make the release artifact appear unfinished.,"Collapsed source_manifest.csv to the release admitted-source universe, cleaned external resource statuses, removed unused pre-lock plan CSVs, added an anonymous artifact license, and added a release-language integrity audit to release validation.","BEP-Deep/BEP-Max labels, denominators, metrics, oracle definitions, certificates, baselines, and result counts were already locked and unchanged.","Release-language hygiene only; no fixture, source claim, label, metric, baseline, negative control, RQ, or result was added, removed, relabeled, or reinterpreted.",closed
2026-06-20,A017_BIBLIOGRAPHIC_METADATA_HYGIENE,Reference integrity and release validation,Strict reference review found that some cited records still used preprint-style or type-inaccurate BibTeX metadata even though published DOI metadata was available.,"Upgraded published-version metadata for CSP nonce reuse and HTTP security-header measurement references, corrected thematic-analysis BibTeX type, added a bibliographic-metadata audit to reject preprint/arXiv entries typed as conference proceedings and to check known published DOI/venue records.","The cited set, text claims, and reference count were already locked; the defect was metadata quality in cited entries and the reference ledger.","Bibliographic metadata hygiene only; no experiment result, source claim, fixture, label, metric, baseline, negative control, or citation count was added or removed.",closed
2026-06-20,A018_PDF_SOURCE_COMPILE_CLOSURE,Paper source integrity and release validation,"Strict source-review found that previous gates checked paper source hygiene and rendered PDFs, but did not compile the paper sources in an isolated temporary directory as a release validation layer.","Added an isolated PDF source-compile audit that runs the main paper through LaTeX and BibTeX, compiles the supplement, checks page counts, reference-page boundary, undefined citations/references, and overfull boxes, and leaves no build products in the release package.",The PDFs were already page-compliant and the cited set was already key-consistent; the gap was an executable source-compile gate.,"Compilation-closure only; no experiment result, source claim, fixture, label, metric, baseline, negative control, or paper claim was added, removed, relabeled, or reinterpreted.",closed
2026-06-20,A019_VALIDATION_ORCHESTRATION_STABILITY,release validation orchestration and source-compile audit,"Strict reproduction review found that the monolithic release-validation entry point could become unstable in constrained environments when it launched every heavy audit as nested subprocesses, and the BibTeX resolver selected a dangling bibtex alternatives symlink before a working bibtex.original executable.",Made the release-validation entry point memory-stable by checking materialized outputs from the full validation ladder without nested subprocess orchestration; kept heavy semantic-recomputation and isolated source-compilation gates separately reproducible; hardened the source-compile audit to select only a probe-validated BibTeX executable and to bound LaTeX log capture.,"BEP-Deep/BEP-Max labels, denominators, oracle outputs, certificates, mutation adequacy, source-compile result, and PDF page counts were already locked and unchanged.","Validation-orchestration robustness only; no fixture, source claim, label, metric, baseline, negative control, RQ, citation, or result was added, removed, relabeled, or reinterpreted.",closed
2026-06-22,A020_DIRECTIVE_FALLBACK_CONFORMANCE,Semantic core and release validation,"Strict source-level review found that the encoded CSP script-element fallback helper selected script-src before script-src-elem, contrary to the admitted CSP3 fallback obligation, and no locked fixture contained both directives to expose the defect.",Corrected the operational oracle and independent decision-table helper to select script-src-elem before script-src before default-src for script-element requests; added a deterministic directive-fallback conformance audit with six source-grounded micro-obligations and added it to release validation.,"BEP-Deep/BEP-Max fixture labels, denominator, oracle outputs, certificates, mutation adequacy, repair frontier, baseline/control results, and paper page counts were already locked and unchanged; the defect was found by source-level review, not by selecting on a result.","Conformance closure only; it adds validation burden and repairs the encoded semantic helper without adding, deleting, relabeling, or reinterpreting any fixture, result, baseline, negative control, RQ, or citation.",closed
2026-06-23,A021_CORS_MODED_RESOURCE_OPT_IN,"Semantic core, independent oracle, and cross-policy validation",Strict cross-policy review found that COEP require-corp resource opt-in must treat CORS authorization as applicable only for explicit cors-mode requests; the previous encoded helper could credit an ACAO header on a no-cors embedding edge.,"Gated the COEP/CORS opt-in path by request_mode == cors in both the operational oracle and the independent decision-table oracle; added an executable cross-policy contract verifier with 7 contracts and 111 finite states, including a COEP resource-opt-in obligation.","BEP-Deep/BEP-Max denominator, labels, certificates, baseline/control status, and 24-layer validation were already locked; the defect was exposed by a new source-level cross-policy contract, not by filtering result rows.","The amendment corrects encoded semantics and adds validation burden; after recomputation the locked 972/418/554 denominator and all existing result counts remain unchanged, so no positive, negative control, metric, RQ, or baseline scope is improved by selection.",closed
2026-06-23,A022_BASELINE_CONTRACT_AND_DEEP_PROBE,"External baseline wrappers, comparator status accounting, and release validation","Code review found that baseline wrapper result statuses used implementation-shaped names and BEP-Deep lacked a fixture-level external-baseline probe, weakening comparator reproducibility and scope separation.","Normalized wrapper statuses to a canonical comparator contract, regenerated full, stress, and BEP-Deep baseline availability/probe outputs, added BEP-Deep full_baseline_comparison, and added a baseline-contract audit checking canonical statuses, deep-scope probes, and no internal substitution for unavailable external tools.","Core BEP-Deep results, labels, and existing internal-control metrics were already locked; external packages remained unavailable in the clean environment.","The amendment improves status hygiene and reproducibility but does not convert unavailable external tools into project results, does not add a baseline success, and does not change any semantic finding or negative-control outcome.",closed
2026-06-23,A023_REPRODUCTION_LADDER_CONTRACT,Artifact reproducibility and release validation,Artifact inspection found that the memory-stable release summary was robust but did not itself provide a single inspection-facing executable ladder for the main local closure gates.,"Added a deterministic reproduction-ladder specification and runner that can execute or audit closure gates, hash expected outputs, and record command success without live web scans, hosted scanner calls, private accounts, GPUs, or external inference APIs; added the materialized ladder audit to release validation.",The individual closure gates already existed and passed; the gap was orchestration transparency rather than a missing scientific result.,"The amendment adds evidence-facing execution structure and output hashing only; it does not add, remove, relabel, or reinterpret fixtures, baselines, metrics, citations, or RQs.",closed
2026-06-23,A024_REPOSITORY_RESEARCH_INFRASTRUCTURE,"Artifact code organization, typed semantic kernel, generated tests, and repository hygiene","Fresh repository review found that the artifact had many validation gates but still looked like a script collection rather than a reviewable research infrastructure with a typed IR boundary, generated fixture-level tests, explicit environment surface, and repository-grade hygiene gates.","Added the BEPGuard support package with typed BEP-IR normalization, deterministic oracle tables, generated fixture/certificate tests, repository-quality auditing, environment lock files, requirements metadata, and process-trace cleanup; added these checks to the reproduction ladder and release validation.","The locked BEP-Deep/BEP-Max data, labels, oracle outputs, certificates, mutation results, baseline statuses, citations, and RQs were already fixed before the repository infrastructure was added.","Infrastructure and audit burden only; it does not add, remove, relabel, reinterpret, or rescore any fixture, issue class, baseline, negative control, metric, citation, or RQ.",closed
2026-06-23,A025_SPECBENCH_AND_PROPERTY_VALIDATION,"Semantic validation, proof obligations, source-derived benchmark, and baseline-adapter contract","Expert artifact review found that best-paper-level reproducibility needed validation beyond replayed result files: source-derived boundary cases outside the locked denominator, metamorphic properties, lattice proof obligations, a second certificate checker, and a stricter external-benchmark adapter contract.","Added BEP-SpecBench with 58 source-derived boundary cases covering 22 rules, semantic-lattice proof obligations over 6 contracts and 186 finite states, 9 metamorphic relations over 3954 checks, an independent certificate rechecker over 4870 obligations, and an external benchmark contract audit; added all to release validation.","The 972/418/554 BEP-Deep denominator, 4306 BEP-Max cases, 28 semantic mutants, source claims, baselines, and paper results were already locked.","The amendment adds new validation surfaces outside the locked experimental denominator and checks existing claims more harshly; it does not claim prevalence, exploitability, new baseline success, changed labels, or changed effect sizes.",closed
2026-06-23,A026_EVIDENCE_GRAPH_AND_ANTI_OVERFIT_AUDIT,"Artifact traceability, benchmark independence, and release validation","Fresh repository review found that validation results were individually strong but not exposed as a single queryable evidence graph, and that deterministic benchmark code lacked an explicit guard against memorizing locked fixture identifiers or substituting internal outputs for unavailable external baselines.","Added a BEPGuard evidence-graph builder/auditor connecting source spans, claims, rules, fixtures, witnesses, certificates, paired repairs, negative certificates, SpecBench cases, metamorphic cases, and external-baseline probe statuses; added an anti-overfitting leakage audit over method code, SpecBench disjointness, and no-substitution baseline status records.","The locked BEP-Deep/BEP-Max denominator, labels, certificates, oracle decisions, baselines, and headline results were already fixed; the new layer exposes path closure and guards against benchmark leakage rather than improving a measured outcome.","No fixture, claim, label, metric, negative control, baseline status, citation, or RQ is added, removed, relabeled, or reinterpreted; the amendment adds audit burden and assessor navigation only.",closed
2026-06-23,A027_SPECBENCH_STRESS_AND_STRICT_SMOKE,Source-derived boundary benchmark and executable reproduction smoke gate,"Repository review found that BEP-SpecBench covered important source-derived boundaries but did not yet stress enough benign representation variation, and that the reproduction ladder was mostly a contract unless the assessor chose execute mode.","Expanded BEP-SpecBench from 58 to 116 cases by adding semantics-preserving lowercase-header, reversed-header, and irrelevant-header variants for every source-derived boundary case; added a strict smoke executor that actually runs representative local gates and records output hashes without volatile runtime fields.","All expanded SpecBench cases pass, and the strict smoke gate executes six representative commands successfully; BEP-Deep 972/418/554, BEP-Max 4306, mutation 28/28, and certificate counts remain unchanged.","SpecBench remains outside the locked experimental denominator and is explicitly reported as validation pressure only; no fixture label, RQ, baseline scope, or main-paper effect size changes.",closed
2026-06-23,A028_RULE_MATURITY_CLOSURE,"Source-rule ledger, SpecBench coverage, and release validation","Fresh rule-ledger review found that several source rules still carried future-plan maturity markers even though their semantic obligations were now represented by fixtures, SpecBench aliases, framework-boundary cases, or baseline-scope contracts.","Closed the release rule-maturity ledger by replacing unresolved future-plan markers with explicit encoded or baseline-scope maturity classes across all rule-ledger aliases; added an executable rule-maturity audit checking 35/35 rules, ledger alias agreement, zero planned statuses, and claim/fixture/SpecBench/framework-boundary coverage.","The 35-rule ledger and 38-layer validation were passing, but the maturity wording was weaker than the implemented semantic surface and could invite a assessor to treat some obligations as future work.","This closes rule accounting and coverage language only; it does not add, remove, relabel, reinterpret, or rescore any BEP-Deep fixture, baseline, negative control, certificate, citation, or RQ.",closed
2026-06-23,A029_FINITE_THEORY_KERNEL,Formal semantic validation and proof obligations,Formal-methods review found that lattice and certificate checks were strong but still too close to result replay; the artifact needed a separate finite theorem kernel over the semantic fragment itself.,"Added a BEPGuard finite theory kernel with 10 theorem obligations over 1649 enumerated states covering CSP meet non-expansion, directive specificity, report-only disposition, CORS truth tables and cache partitioning, HSTS state partitions, COEP request-mode separation, CORP scope, Permissions-Policy allowlists, and ordered generation layers.",Existing proofs and certificates already passed; the new kernel was introduced to check semantic invariants independently of locked fixture labels.,"The theorem kernel adds proof burden outside the experimental denominator and reports no prevalence or effectiveness gain; BEP-Deep labels, metrics, baselines, and RQs are unchanged.",closed
2026-06-23,A030_SEMANTIC_MUTATION_FARM,Mutation adequacy and workload sensitivity,"Adversarial artifact review found that the original 28 hand-written semantic mutants were valuable but not enough to demonstrate workload sensitivity against broader omission, confusion, and over-generalization fault families.","Added a deterministic obligation-level mutation farm with 150 mutants over BEP-Deep issue, family, and intent classes; every mutant is killed only by a concrete locked fixture whose expected signature differs from the mutant oracle.",The previous 28/28 mutation gate already passed; the new farm increases mutation pressure without using outcomes to change the corpus.,"Mutation-farm mutants are validation burden only and do not alter any witness, fixture label, denominator, baseline status, effect size, or RQ.",closed
2026-06-23,A031_PAPER_SYNC_AND_VISUAL_DENSITY,"Paper/source synchronization, reference count, and rendered PDF audit","Paper-level review found that new repository and theory contributions had to be reflected in the main text while preserving the 10-page body, 2-page reference boundary, double-anonymous constraints, and a 70-80 real-reference target.","Synchronized the main paper and supplement with rule maturity, finite theorem kernel, expanded SpecBench, mutation farm, and 42-layer release validation; added verified references to reach the 70-80 target and added a rendered-PDF visual-density audit checking 12 pages, page-10 body fill, page-11 reference start, and citation/BibTeX closure.","The prior paper compiled to 12 pages and 68 references; page 10 was already visually full, but the reference set and validation counts lagged behind the new artifact state.","This updates presentation and compliance after validation hardening; it does not hide limitations, fabricate references, or change BEP-Deep/BEP-Max outcomes.",closed
2026-06-23,A032_FULL_EXTERNAL_COMPARATOR_RUN,"External baselines, baseline protocol, and release validation",assessor-level artifact review found that external-baseline handling still relied too heavily on availability contracts; available public packages needed a full fixture-level execution record without packaging caches or dependency directories.,"Executed unmodified public-package comparator analyzers outside the release tree over all 972 BEP-Deep fixtures, producing 4118 fixture-level comparator invocations and an audit with zero unavailable or error rows; added package/version/provenance locks and cache-exclusion checks to release validation.",The previous release had baseline-contract audits and fixture-level probe records but did not contain a full available-package execution over the entire BEP-Deep denominator.,"The run is a contrastive external-comparator execution and no-substitution audit; it does not change labels, denominators, semantic oracle results, RQs, or baseline-scope interpretation.",closed
2026-06-23,A033_THEORY_KERNEL_AND_MUTATION_FARM_EXPANSION,Formal validation and mutation adequacy,A strong formal/program-analysis review found that the finite theorem kernel and obligation-level mutation farm should be substantially stronger before being treated as a best-paper-level validation object.,"Expanded the finite theory kernel from 10 theorems over 1649 states to 20 theorems over 12517 states, and expanded the obligation-level mutation farm from 150 to 300 killed mutants with concrete locked-fixture mismatch witnesses.","The 10-theorem kernel, 150-mutant farm, original 28 rule mutants, 972/418/554 BEP-Deep denominator, and 4306 BEP-Max validation were already passing.","This adds independent validation pressure outside the locked denominator and does not add, delete, relabel, reinterpret, or rescore any fixture, negative control, baseline row, metric, or RQ.",closed
2026-06-23,A034_SPECBENCH_STRESS_EXPANSION,Source-derived boundary benchmark and robustness validation,Benchmark review found that BEP-SpecBench needed more representation stress beyond header case/order/padding to reduce concerns that source-derived cases were too close to the locked fixtures.,"Expanded BEP-SpecBench from 232 to 696 source-derived boundary and representation-stress cases by adding semantics-preserving context, header, cache, reporting, and irrelevant-field variants for the covered rule aliases.","BEP-SpecBench 232/232, metamorphic 3954/3954, and BEP-Max 4306/4306 were already passing.","SpecBench remains a validation-pressure benchmark outside the BEP-Deep denominator; it does not alter labels, metrics, baseline scope, RQs, or headline effect sizes.",closed
2026-06-23,A035_PAPER_SYNC_WITH_EXTERNAL_RUN,"Paper, supplement, result tables, and release manifests","Paper-level review found that the full external comparator run, stronger theorem kernel, expanded mutation farm, and larger SpecBench needed to be visible in the main paper while preserving the 10-page body and 2-page reference boundary.","Synchronized main paper, supplement, validation tables, baseline comparison, release documentation, result index, checksum manifest, and audit summaries with the 44-layer validation state, 4118 external comparator invocations, 696 SpecBench cases, 20-theorem kernel, and 300-mutant farm.","The paper already compiled to 12 pages with references starting on page 11 and 72 references, but its main evaluation text lagged behind the earlier release artifact state.","This is a presentation and release-consistency synchronization after validation hardening; it does not fabricate references, hide unavailable tools, or change BEP-Deep/BEP-Max outcomes.",closed
2026-06-24,A036_SHADOW_GENERALIZATION_AND_OVERFIT_AUDIT,"Benchmark independence, representation invariance, and anti-overfitting review",A fresh repository review found that the locked BEP-Deep denominator was well validated but still vulnerable to a assessor asking whether implementation behavior was memorizing fixture surfaces rather than preserving browser-policy semantics under benign representation changes.,"Added BEP-Shadow, a semantics-preserving shadow-generalization audit that transforms all 972 locked fixtures with six required representation-preserving transformations and two reported alpha-renaming probes; 5832 required shadow cases preserve the expected issue signature with zero failures, while optional alpha dependencies are reported rather than hidden.","The previous anti-overfit leakage scan passed over method files and locked IDs, but it did not re-execute every fixture under independent shadow IDs and representation perturbations.","The shadow workload is outside the locked BEP-Deep denominator and does not alter any fixture, label, witness, baseline status, metric, or RQ; it adds non-overfitting validation burden only.",closed
2026-06-24,A037_THEORY_MUTATION_SPECBENCH_DEEPENING,"Finite theory kernel, mutation farm, and source-derived boundary benchmark","A strong formal/program-analysis review found that earlier release's 20-theorem kernel, 300-mutant farm, and 696-case SpecBench were credible but could be deepened further before claiming best-paper-level rigor.","Expanded the finite theory kernel to 30 semantic obligations over 33513 enumerated states, expanded the obligation-level mutation farm to 600/600 killed mutants, and expanded BEP-SpecBench to 1392 source-derived boundary and representation-stress cases while preserving all existing BEP-Deep/BEP-Max outputs.","The 20-theorem kernel, 300-mutant farm, 696-case SpecBench, 28/28 semantic mutants, and 44-layer validation already passed.","This increases validation pressure and proof depth outside the empirical denominator; it does not change labels, denominators, negative controls, baselines, effect sizes, or RQs.",closed
2026-06-24,A038_EXTERNAL_PROVENANCE_CACHE_EXCLUSION,External comparator provenance and cache hygiene,"External-baseline review found that the full public-package comparator run needed a stricter proof that dependency caches, node_modules, temporary probe files, and external work directories were not packaged or silently consulted by release validation.","Added an external provenance audit that checks the 4118 materialized comparator rows, package/version locks, comparator task coverage, manifest agreement, and absence of node_modules, package caches, transient probe files, and archive artifacts in the release tree.","The earlier release external comparator run already reported 4118 invocations and zero unavailable/error rows, but cache-exclusion evidence was split across package locks and clean-package checks.","This is a provenance/cache-closure audit; it does not introduce a new external tool claim, substitute internal logic, or change any comparator outcome, label, metric, or RQ.",closed
2026-06-24,A039_SCALE_STRESS_AND_EVIDENCE_REDUNDANCY,Scalability replay and evidence-channel closure,Artifact inspection found that the repository should show not only locked counts but also deterministic scale-stress replay and a compact proof that accepted findings are supported by many independent evidence channels.,"Added a BEP-Scale stress replay over 24300 deterministic representation-preserving variants and an evidence-redundancy audit checking active channels across source spans, rules, certificates, repairs, evidence graph paths, SpecBench, theory kernel, mutation farm, shadow transformations, and external comparator records.","The release already included BEP-Max 4306/4306, evidence graph closure, certificate replay, and strict smoke execution, but there was no single audit tying those channels together with a larger deterministic replay workload.","Scale stress and redundancy are validation gates outside the locked research denominator; they do not add new empirical positives, remove failures, or reinterpret baselines.",closed
2026-06-24,A040_LATEX_FIGURE_LAYOUT_AND_PAPER_SYNC,"Main-paper figures, visual layout, and validation synchronization","Presentation review found that assessor-first evidence should include a LaTeX-native figure/layout audit and that main-paper counts needed to reflect shadow generalization, stronger SpecBench, theory, mutation, scale, redundancy, and 49-layer validation while keeping page 10 full and references on pages 11-12 only.","Added a LaTeX-native figure-layout audit checking resolved figure inputs, absence of raster figures, TikZ node uniqueness, label uniqueness, caption coverage, rendered page boundaries, and figure/table caption pages; synchronized main paper, supplement, protocol, reproduction ladder, and release validation with earlier release counts.","The earlier release paper passed 10+2 page and reference checks, but its visual/presentation audit did not explicitly check figure source structure or overlap-risk proxies.","This updates presentation and compliance after repository hardening; it does not fabricate references, alter claims, or change BEP-Deep/BEP-Max outcomes.",closed
2026-06-24,A041_IDENTIFIER_BLIND_REPLAY_AND_REPAIR_DELTA,"Anti-overfitting validation, repair proof obligations, and reproduction ladder","A fresh artifact review found that fixture-level leakage checks and shadow transformations should be complemented by direct semantic replays after erasing source IDs, fixture IDs, roles, expected labels, families, variants, and hashes, and by a pairwise repair audit that verifies each counterfactual repair still clears the target issue without relying on metadata.","Added identifier-blind replay over all 972 BEP-Deep fixtures in five erasure modes, producing 4860 preserved semantic replays; added repair-delta replay for all 418 positive/repair pairs, including fully-blind repaired-side replay and observable header/context/layer/intent delta checks.","The earlier release release already had anti-overfit leakage scans over 104 method files, 5832 shadow-generalization replays, 24300 scale-stress cases, proof-carrying certificates, and local repair-frontier metrics, but it did not erase all benchmark metadata before re-executing the oracle.","This adds non-overfitting validation pressure and pairwise repair replay outside the locked denominator; it does not change fixture labels, baselines, metrics, RQs, or BEP-Deep/BEP-Max outcomes.",closed
2026-06-24,A042_SPECBENCH_AND_SHADOW_COMPOSITE_STRESS,Source-derived boundary benchmark and representation-invariance stress,"A strong benchmark review found that SpecBench and BEP-Shadow should exercise not only single perturbations but also composite representation changes that combine normalization, irrelevant metadata, cache/reporting fields, and context expansion.","Expanded BEP-SpecBench from 1392 to 2755 source-derived boundary/composite-stress cases and expanded BEP-Shadow from six to ten required representation-preserving transformations, increasing required shadow replays from 5832 to 9720 with zero failures.",The earlier release release already passed 1392 SpecBench cases and 5832 required shadow replays; those were strong but still mostly single-perturbation workloads.,"The added cases remain outside the BEP-Deep empirical denominator and are generated from semantics-preserving transformations; they do not add empirical positives, remove failures, reinterpret baselines, or alter headline counts.",closed
2026-06-24,A043_PROOF_CARD_AND_SCALE_REPLAY_EXPANSION,"Theory presentation, scale stress, and release validation synchronization","A formal/reproducibility review found that the finite theorem kernel should have compact proof cards that exactly account for the executable theorem obligations, and that scale replay should be deepened before the repository is considered best-paper-grade.","Added a proof-card audit for all 30 theorem obligations, checking claim/proof-kind/state accounting against the theorem kernel; increased BEP-Scale replay to 48600 deterministic stress cases; synchronized release validation, reproduction ladder, paper, supplement, result index, and checksum manifest with 52 validation layers.","The earlier release release had 30 theorems over 33513 states, 24300 scale-stress cases, and 49 validation layers; proof accounting was available in JSON but not separately validated as evidence-facing proof cards.","This strengthens proof presentation and replay workload without changing the locked denominator, labels, baseline scope, RQs, or semantic results.",closed
2026-06-24,A044_CAUSAL_COUNTERFACTUAL_ACTIVATION,Negative-control activation and anti-overfitting review,A fresh methodology review found that preserving negative controls and clearing repairs did not by itself prove that clean controls sit on the intended semantic boundary; assessors could ask whether the oracle only recognizes positives already present in BEP-Deep.,Added causal counterfactual activation over activatable clean controls: paired repairs are reversed to their positives and clean controls in encoded intent classes receive targeted causal edits; 546/546 required activations cross the semantic boundary and emit the expected issue.,"The earlier release had 554 clean controls, 418 repair-delta pairs, 4860 identifier-blind replays, and 9720 shadow replays, but no complementary activation gate from clean controls to issue-emitting counterfactuals.","The audit creates out-of-denominator counterfactuals and does not relabel locked controls, delete failures, change baselines, or move any RQ/metric/denominator.",closed
2026-06-24,A045_EXTERNAL_CONTRAST_SPECIFICITY,External comparator interpretation,A baseline review found that the paper should not only report full public-package execution but also quantify why scanner-style flags are contrastive evidence rather than intent-drift labels.,"Added an external contrast-specificity audit over 4118 public-package comparator rows, computing fixture-level flag behavior for all 418 semantic positives and 554 clean controls and documenting that raw comparator flags are not used as BEP labels.","The earlier release had full public-package comparator outputs with zero unavailable/error rows, but it did not separately quantify comparator specificity over the locked semantic denominator.","This analysis interprets already materialized external outputs; it does not create new semantic positives, replace the BEP oracle, or tune results by comparator agreement.",closed
2026-06-24,A046_BENCHMARK_DISJOINTNESS_AND_RUNTIME_BOUNDARY,Benchmark-adjacent independence and deterministic runtime closure,"Repository review found that benchmark-adjacent validation objects should have explicit fingerprint/id disjointness checks and that the release should independently prove absence of dependency caches, transient build products, GPU/API requirements, and packaged repository state.","Added benchmark fingerprint-disjointness checks over 8161 benchmark-adjacent rows and a runtime-boundary audit over the artifact tree, confirming no node_modules/cache/git/bytecode/LaTeX transient files and no GPU, commercial API, or network requirement for the core ladder.","The earlier release had anti-overfit ID scanning, clean-package checks, and external-provenance checks, but these concerns were split across gates and did not explicitly audit benchmark-adjacent fingerprints and runtime boundary in one place.","The audits add reproducibility and independence checks only; they do not change fixtures, labels, oracle rules, baselines, or headline counts.",closed
2026-06-24,A047_PAPER_CLAIM_CONSISTENCY_AND_SYNC,Paper-visible claim closure and release synchronization,"Paper-first review found that assessor-visible numerical claims in the main PDF must be machine-checked against materialized validation outputs, especially after adding new causal, external-contrast, disjointness, and runtime-boundary gates.","Added a paper-claim consistency audit for headline numbers and synchronized main paper, supplement, reproduction ladder, release validation, result index, and checksum manifest with 57 validation layers and 46 reproduction-ladder commands.","The earlier release had 52 validation layers and paper/PDF audits, but no dedicated check that main-paper headline numbers matched the release-validation ledger after the newest repository hardening.","This is consistency synchronization; it does not alter the locked experimental denominator, labels, baselines, or semantic outcomes.",closed
2026-06-24,A048_THIRD_ORACLE_AND_LABEL_FLOW_SEPARATION,Oracle adequacy and anti-overfitting validation,A strict program-analysis review found that two executable oracles and metadata-erasure replays still left a possible attack: semantic decision code might accidentally consult benchmark labels or lack a fully declarative third oracle.,"Added a declarative label-free oracle over BEP-Deep and BEP-SpecBench, producing 4392 third-oracle agreement checks; added a static label-flow audit ensuring pure semantic decision procedures do not read expected labels, fixture roles, source identifiers, hashes, or certificate identifiers.","The earlier release had operational semantics, a decision-table oracle, identifier-blind replay, causal activation, and leakage audits, but no separate declarative clause oracle and no static proof that core decision files avoid label fields.","This adds independent validation and static purity checks outside the locked denominator; it does not change labels, rules, baselines, RQs, or headline BEP-Deep/BEP-Max outcomes.",closed
2026-06-24,A049_ISSUE_EVIDENCE_DEPTH_CLOSURE,Benchmark adequacy and evidence coverage,"A benchmark review found that several locked issue classes had no direct source-derived SpecBench pressure, so aggregate SpecBench counts could hide per-class evidence gaps.","Added seven missing source-derived SpecBench base cases and their representation-stress variants, expanding SpecBench from 2755 to 3420 cases over 26 rule aliases; added an issue-evidence-depth audit that checks 25 issue classes across 200 per-class evidence obligations.","The new audit initially found seven issue classes without direct SpecBench coverage: duplicate ACAO, dynamic credentialed CORS missing Vary, CSP conjunctive composition, frame-ancestors report-only/meta delivery, HSTS subdomain scope, and layered header removal.","The added cases are out-of-denominator validation pressure; they do not alter BEP-Deep labels, positive/control counts, baseline scope, or detector outcomes.",closed
2026-06-24,A050_STRICT_REFERENCES_ONLY_BOUNDARY,paper delivery-format and rendered-PDF boundary,A paper-first review found that the references-only boundary should be checked by a strict rendered-PDF audit rather than by a loose text-excerpt heuristic.,"Added a strict PDF reference-boundary audit requiring page 10 to remain body text, page 11 to start with the References heading, references to occupy pages 11-12 only, and page 10 visual density to meet the rendered-body threshold.","The earlier release had a rendered density audit and visual checks, but the check only required that page 11 contain the word references and did not separately verify the first page-11 region.","This is a compliance and presentation gate; it does not change experimental data, baselines, or claims.",closed
2026-06-24,A051_RELEASE_BOUNDARY_SYNCHRONIZATION,"release validation, reproduction ladder, and paper synchronization","After adding third-oracle, label-flow, issue-depth, and strict PDF-boundary gates, all evidence-facing ledgers and paper counts needed a single synchronization point to prevent stale claims.","Updated release validation from 57 to 61 layers, reproduction ladder from 46 to 50 commands, paper/supplement/README/protocol text, validation orchestration, result index, checksum manifest, and audit summaries to the earlier release state.",The earlier release passed 57 layers but did not include the four new earlier release gates and still had aggregate SpecBench counts that obscured per-issue coverage gaps.,"This is synchronization after validation hardening; it preserves the locked denominator, labels, RQs, baseline scope, and headline BEP-Deep/BEP-Max outcomes.",closed
2026-06-24,A052_WHOLE_CORPUS_STABILITY_REPLAY,"Anti-overfitting, representation invariance, and semantic stability","A fresh artifact review found that identifier-blind replay and shadow transformations were strong, but the locked denominator still needed a simple whole-corpus replay proving that neutral response fields, unused context metadata, and flat header ordering do not affect semantic judgments.","Added a whole-corpus semantic stability audit that replays all 972 BEP-Deep fixtures under three policy-irrelevant perturbations, producing 2916/2916 preserved issue signatures with zero failures.","The earlier release passed 61 layers, including identifier-blind replay, shadow generalization, declarative oracle, label-flow checks, and issue-evidence depth closure, but did not contain a compact all-fixture neutral perturbation gate.","The new replay is out-of-denominator validation pressure; it does not add, delete, relabel, rescore, or reinterpret any locked fixture, baseline, metric, or RQ.",closed
2026-06-24,A053_ASSESSOR_EVIDENCE_CARDS,"Evidence presentation, assessor inspection, and proof-to-repair traceability",A evidence-facing artifact review found that evidence graph paths were complete but still required cross-file reconstruction; a strict assessor should be able to inspect a single finding as a compact source-to-repair evidence card.,"Added evidence-facing evidence cards for all 418 positive witnesses, each binding fixture, issue, policy family, source claim, rule, certificate id, witness explanation, paired repair control, evidence graph path, and certificate-obligation status.","The earlier release had evidence graph closure over 14422 nodes and 22405 edges plus 418 verified positive paths, but it did not materialize one-card-per-finding inspection objects.","Evidence cards are presentation and audit objects derived from existing validated paths; they do not create new findings, change outcomes, or substitute for the semantic oracle.",closed
2026-06-24,A054_DECISION_PURITY_AND_VERSION_CLOSURE,"Decision purity, package identity, and code-quality review","A code-quality review found two concrete repository weaknesses: pyproject and bepguard.__version__ disagreed, and the static label-flow audit covered only a narrow pair of pure decision files rather than the broader policy-decision surface.","Synchronized package versioning to 0.18.0 and added an AST-level decision-purity audit over operational semantics, decision-table oracle, declarative oracle, and corpus-stability decision functions, checking 78 pure decision functions for forbidden label/source/hash/certificate metadata access.","The earlier release had a 2-file label-flow audit and repository-quality pass, but version identity drift and a narrow purity surface remained attackable artifact-quality issues.","This closes repository identity and static purity risks only; it does not change semantic rules, labels, fixtures, baselines, or headline results.",closed
2026-06-24,A055_DOCUMENTATION_FRESHNESS_AND_REPRODUCTION_LADDER,"Documentation freshness, stale-count prevention, and reproduction-ladder completeness","Documentation review found stale review-round wording in README/reproduction text, including obsolete validation-layer and reproduction-ladder counts that could mislead artifact assessors despite the executable gates passing.","Added a documentation-consistency audit over README, reproduction protocol, main paper, supplement, pyproject, and package init; updated the reproduction ladder from 50 to 56 commands to include corpus-stability, evidence-card, decision-purity, documentation-consistency, package-identity, and earlier release release-validation gates.","The earlier release had 61 validation layers and 50 ladder commands, but README/reproduction text still contained older 42-layer and 41-command statements.","This is a freshness and reproducibility-surface fix; it does not change experimental labels, denominator, baselines, or metric interpretation.",closed
2026-06-24,A056_RELEASE_STABILITY_SYNCHRONIZATION,"release validation, paper synchronization, and release packaging","After adding corpus-stability replay, evidence cards, decision-purity, and documentation freshness gates, all evidence-facing ledgers, paper counts, audit summaries, checksums, and release-validation expectations required a single synchronization point.","Updated release validation from 61 to 66 layers, reproduction ladder from 50 to 56 commands, protocol-amendment integrity from A001-A051 to A001-A056, paper/supplement text, result index, checksum manifest, validation orchestration, and release audit summaries to the earlier release state.","The earlier release passed 61 layers but did not include the new whole-corpus stability, evidence-card, broader decision-purity, documentation-consistency, and release earlier release synchronization gates.","This synchronizes validation hardening outputs and paper wording; it preserves the locked denominator, labels, RQs, baseline scope, and BEP-Deep/BEP-Max headline outcomes.",closed
2026-06-24,A057_COUNTERFACTUAL_ROUNDTRIP_AND_ORACLE_EQUIVALENCE,Bidirectional counterfactual replay and explanation-level oracle parity,A strict methodology review found that one-way causal activation and third-oracle agreement still left open whether boundary activations can round-trip cleanly and whether independent oracle explanations align with proof-carrying certificate obligations.,"Added counterfactual round-trip auditing over 546 required activations and oracle explanation-equivalence auditing over 5,152 BEP-Deep/SpecBench cases, including positive certificate-equivalence checks.","The earlier release passed causal activation, declarative oracle, repair-delta, evidence cards, and decision-purity gates, but did not materialize bidirectional counterfactual round-trips or explanation-level oracle parity.","Adds out-of-denominator validation pressure and explanation audit only; it does not change locked labels, denominator, baselines, metrics, or RQs.",closed
2026-06-24,A058_RULE_TRACE_MATRIX_CLOSURE,Rule-to-source-to-evidence trace matrix,"A strict artifact assessor could still ask whether all encoded rules have source ids, source spans, proof obligations, rule hashes, method/data ledger consistency, and at least one validation channel.","Added a rule trace-matrix audit checking 35 rules and 280 per-rule obligations across source manifests, method/data ledgers, source spans, proof obligations, hashes, SpecBench coverage, and validation-channel presence.","The earlier release had rule-maturity closure and source-span closure, but not one evidence-facing matrix tying every rule to all validation obligations.","Improves traceability closure without adding, deleting, relabeling, or rescoring any BEP-Deep fixture.",closed
2026-06-24,A059_RELEASE_CLAIM_DRIFT_GUARD,Release prose freshness and claim-drift prevention,"Multi-round hardening creates a high risk that paper, supplement, README, and reproduction text retain stale layer counts or omit new evidence-facing gates.","Added release claim-drift auditing over paper and artifact-facing prose, requiring release counts and new counterfactual/oracle/rule-trace claims while rejecting stale validation-layer and reproduction-ladder wording.","The earlier release had documentation-consistency auditing, but it did not include counterfactual round-trip, oracle-equivalence, or rule trace-matrix claim-drift checks.","Synchronizes release prose and audit claims only; no experimental labels, baselines, RQs, or denominator values move.",closed
2026-06-24,A060_ORACLE_TRIANGULATION_STATIC_HEALTH_REPAIR_LOCALITY_RQ,"Oracle triangulation, static code health, repair locality, and RQ traceability","A paper-first review found that third-oracle agreement needed a compact all-fixture triangulation table, and that static code health, repair locality, and RQ-to-result visibility should be executable gates.","Added oracle triangulation over 2,916 pairwise cells, static code-health auditing over the Python release surface, repair-locality auditing over all 418 repairs, and RQ traceability over 25 paper-to-result obligations.","The earlier release had decision-purity, repair-delta, and paper-claim consistency, but not these distinct evidence-facing closure gates.",Strengthens independent verification and presentation traceability without altering experiment outcomes.,closed
2026-06-24,A061_CLAIM_IMPACT_CLOSURE,Claim-to-evidence impact closure and evidence-facing traceability,"A strict assessor could still ask whether admitted public claims are only listed in a ledger or actually connected to locked fixtures, SpecBench pressure, evidence cards, and paired repairs by an explicit impact matrix.","Added a claim-impact audit over all 45 admitted public claims, 35 referenced rules, locked-fixture support, SpecBench pressure, evidence-card links, paired-repair links, and issue-class reachability; materialized a evidence-facing claim-impact matrix.","The earlier release had evidence cards and graph paths, but no one audit summarized claim-level impact and the role separation between denominator-bearing claims and context/baseline claims.","The audit classifies and links existing claims and validated evidence; it does not add findings, relabel fixtures, move the denominator, or rescore any result.",closed
2026-06-24,A062_WITNESS_HASH_CHAIN_PROVENANCE,"Witness provenance, certificate integrity, and repair traceability","A proof-carrying artifact assessor could still ask whether positive witnesses, certificates, repairs, and source/rule bindings have a stable tamper-evident chain rather than separate IDs spread across files.","Added a witness hash-chain audit for all 418 positive witnesses, requiring unique chain hashes and closure over fixture id, issue class, rule/source bindings, proof-carrying certificate id, and paired repair id.","The earlier release had certificate replay and evidence cards, but no compact hash-chain ledger that bound the witness-to-certificate-to-repair path.",Hash chains are provenance and integrity checks over already detected positives and paired repairs; they do not create or remove findings.,closed
2026-06-24,A063_VALIDATION_GATE_SENSITIVITY,Validation sensitivity and seeded-failure rejection,A strict assessor could question whether the large release validation ladder would actually fail under plausible corrupted artifacts rather than merely count passing files.,"Added a validation gate-sensitivity audit with 16 seeded failure scenarios over counts, hashes, labels, evidence links, package identity, reference closure, claim impact, and witness chains, requiring every seeded corruption to be rejected.","The earlier release had many independent gates, but did not materialize a small negative-control suite for the validation gates themselves.",Seeded failures are synthetic corruptions of audit summaries; rejecting them tests validation sensitivity without changing experimental data or headline metrics.,closed
2026-06-24,A064_IDEMPOTENCE_REPLAY_CLOSURE,Lightweight reproducibility idempotence,A release artifact assessor could ask whether lightweight gates are deterministic under repeated execution after the late release updates.,Added an idempotence replay audit over eight lightweight gates with repeated execution and output status checking.,"Earlier gates were individually deterministic, but late release evidence-facing gates were not replayed as a small idempotence suite.","This replays validation infrastructure only; it preserves locked labels, denominator, baselines, metrics, RQs, and BEP-Deep/BEP-Max headline results.",closed
2026-06-24,A065_SOURCE_CLAIM_TRACE_SATURATION,Source-claim trace saturation and SpecBench source-pressure completion,A strict assessor could ask whether source claims with no locked fixtures were silently dropped and whether each fixture-bearing source claim has source-derived boundary pressure outside the locked denominator.,"Added claim-level trace cards for all 45 claims and completed missing source-claim-specific SpecBench pressure, expanding SpecBench to 4,180 cases over 29 rule aliases and third-oracle replay to 5,152 cases.","The earlier release had evidence cards and SpecBench pressure, but a source-claim-level audit exposed fixture-bearing claims without explicit source-claim trace cards or matching SpecBench pressure.","Adds traceability and out-of-denominator boundary pressure without moving locked labels, baselines, denominator, or RQs.",closed
2026-06-24,A066_REPAIR_COMPACTNESS_AND_COUNTERFACTUAL_LOCALITY,Repair compactness and local semantic edit distance,A assessor could still ask whether paired repairs are compact semantic edits rather than arbitrary rewrites that merely erase positive labels.,"Added repair-compactness auditing over all 418 positive/repair pairs, with semantic edit distance bounded by four units and materialized edit-distance histograms.","The earlier release had repair-delta replay and repair-locality, but no compactness histogram over every paired repair.","Checks repair quality over existing pairs only; it does not alter labels, denominator, metrics, or conclusions.",closed
2026-06-24,A067_DETERMINISTIC_REEXECUTION_CONSISTENCY,Deterministic re-execution of evidence-facing gates,A strict reproducibility review could ask whether selected lightweight gates produce stable results across repeated runs rather than only passing once.,"Added two-run deterministic re-execution of five representative gates, producing ten subprocess runs with matching result digests.","The earlier release had strict smoke and idempotence replay, but not a digest-based double-run audit for the newly added trace/compactness/interaction gates.",Adds reproducibility evidence outside the empirical denominator; no experiment labels or results are changed.,closed
2026-06-24,A068_POLICY_INTERACTION_COVERAGE,Policy-family interaction coverage and multi-policy strata,A benchmark assessor could ask whether the workload covers cross-policy family strata instead of only aggregate fixture and SpecBench counts.,"Added policy interaction-coverage auditing over 16 policy-family strata, 13 policy signatures, and five multi-policy signatures.","The earlier release had cross-policy contracts and scale stress, but not a compact workload-coverage audit at the policy-family interaction level.",Adds coverage accounting and does not create new positive findings or move any denominator.,closed
2026-06-24,A069_RELEASE_CLAIMTRACE_SYNCHRONIZATION,"release release synchronization of validation, documentation, package identity, and paper surface","After adding claim trace, repair compactness, deterministic re-execution, and interaction coverage gates, all public counts, package versioning, reproduction ladder entries, release-validation expectations, paper, supplement, result index, and checksum manifest needed one synchronization point.","Updated release validation to 82 materialized layers, the reproduction ladder to 72 declared commands, package identity to 0.20.0, protocol amendments A001-A069, and synchronized paper, supplement, README, reproduction protocol, validation orchestration, result index, and checksum manifest.",Earlier release materialized additional gates but retained stale 64-command and package-0.19.0 wording in several evidence-facing files.,"Synchronization and validation-hardening only; locked denominator, labels, baselines, metrics, RQs, and BEP-Deep/BEP-Max headline results remain unchanged.",closed
2026-06-25,A070_PROCESS_TRACE_HYGIENE,paper delivery-process trace hygiene,"A double-anonymous artifact review found that round labels, local paths, tool traces, or account traces can survive ordinary anonymity checks and weaken assessor trust.","Added a strict process-trace hygiene audit over release text/code artifacts, requiring zero round labels, tool traces, account identifiers, and local paths.","The prior release passed general anonymity checks but still contained process-round wording in paper, supplement, protocol text, and reproduction metadata.","Removes process traces and strengthens anonymity; it does not change labels, baselines, denominator, metrics, or RQs.",closed
2026-06-25,A071_ASSESSOR_THREAT_CLOSURE,assessor threat-to-evidence closure,A meta-assessor could still ask how the many validation gates answer concrete assessor attacks rather than appearing as an unstructured pass list.,Added a assessor-threat closure matrix mapping 14 strict-review attack classes to 42 materialized passing evidence files.,The prior release had the underlying gates but no compact threat-to-evidence matrix.,This is an audit and presentation closure over existing evidence; it does not alter experimental data or outcomes.,closed
2026-06-25,A072_EVIDENCE_PATH_MULTIPLICITY,Positive-witness evidence-path multiplicity,"A proof-carrying artifact assessor could ask whether every witness has multiple independently inspectable evidence channels, not merely a single graph edge.","Added evidence-path multiplicity auditing for all 418 positive witnesses, requiring source, rule, surface, certificate, repair, graph path, explanation, and certificate-obligation channels.","The prior release materialized evidence cards, but did not separately count required channels per card.","Adds witness inspection rigor without changing detections, labels, repairs, or denominator.",closed
2026-06-25,A073_MINIMAL_PAIR_CLOSURE,Per-issue minimal-pair closure,A benchmark assessor could ask whether each issue class has a complete minimal pair rather than aggregate positives and controls.,"Added per-issue minimal-pair closure over 25 issue classes and 225 obligations spanning positives, controls, certificates, repairs, SpecBench pressure, mutation pressure, causal activation, shadow replay, and blind replay.","The prior release had issue-depth rows, but not an explicit minimal-pair closure gate.",Class-level evidence accounting only; no locked fixture labels or RQs change.,closed
2026-06-25,A074_FOLD_STRATIFICATION,Deterministic workload fold stratification,A methodology assessor could ask whether BEP-Deep evidence is concentrated in one slice of the workload even though the method does not train a model.,"Added deterministic hash-fold stratification over all 972 fixtures, checking positive/control balance, issue diversity, policy-family diversity, and source-claim diversity in five folds.",The prior release reported aggregate interaction coverage but not fold-level distribution.,Distribution accounting only; it does not create a train/test claim or change headline results.,closed
2026-06-25,A075_DELIVERY_CAPSULE,Anonymous paper delivery-capsule closure,A reproducibility assessor could ask whether the deliverable is a clean delivery capsule rather than an accumulated work tree.,"Added a paper delivery-capsule audit checking required paper, supplement, artifact, reproduction, manifest, and validation files, and rejecting dependency caches, hidden repositories, and temporary/debug files.",The prior release passed clean-package checks but still had no capsule-specific checklist.,Packaging rigor only; research objects and results are unchanged.,closed
2026-06-25,A076_PAPER_ARGUMENT_SURFACE,assessor-first paper argument surface,"Because assessors read the paper first, a presentation assessor could ask whether the main text itself exposes the main contributions without relying on artifact browsing.","Added a paper-argument-surface audit checking title alignment, eight-section structure, key contribution phrases, no subsections, and absence of visible repository/process mechanics.","The prior release synchronized counts, but did not independently audit the paper argument surface.","Presentation and consistency check only; no empirical data, labels, or claims are invented.",closed
2026-06-25,A077_RELEASE_HYGIENE,Release hygiene and stale filename closure,A package assessor could attack stale or temporary filenames as evidence of an uncurated artifact.,Added release-hygiene auditing and removed a stale temporary claim-impact result residue from the result tree.,"The prior release had clean-package checks, but a stale temporary filename was still present under results.",Hygiene cleanup only; validated outputs and locked counts remain unchanged.,closed
2026-06-25,A078_RELEASE_DELIVERY_SYNCHRONIZATION,release paper delivery-facing synchronization,"After adding process hygiene, threat closure, multiplicity, minimal-pair, fold, capsule, paper-surface, and release-hygiene gates, all public counts and release manifests needed one synchronization point.","Updated release validation to 90 materialized layers, reproduction ladder to 80 declared commands, package identity to 0.21.0, protocol amendments A001-A078, and synchronized paper, supplement, README, reproduction protocol, result index, checksum manifest, and validation orchestration.","The prior release had 82 validation layers, 72 reproduction commands, package 0.20.0, and no process-trace hygiene gate.","Synchronization and validation hardening only; locked denominator, labels, baselines, metrics, RQs, and headline results remain unchanged.",closed
2026-06-25,A079_STALE_NUMERIC_SURFACE_CLOSURE,evidence-facing stale count prevention,"A strict artifact assessor found that late-stage tables and release texts can retain stale validation or reproduction counts even when release validation passes.","Added a stale numeric surface audit over the main paper, supplement, tables, README, reproduction text, package identity files, and evidence-facing metadata; fixed the stale 82/82 result-overview row and synchronized all current release counts.","The prior release had paper-claim and documentation audits, but one table still reported an obsolete 82/82 validation count and the RQ-traceability script expected a stale 82/82 phrase.","Presentation and release consistency hardening only; no labels, denominator, baselines, RQs, or headline results move.",closed
2026-06-25,A080_ICSE_CRITERIA_EVIDENCE_CLOSURE,ICSE criteria evidence closure,"A meta-assessor could ask whether the work answers ICSE novelty, rigor, relevance, verifiability/transparency, and presentation criteria rather than merely listing validation gates.","Added an ICSE criteria-to-evidence audit mapping five official criteria to assessor-visible paper tokens and materialized passing evidence files.","The prior release had assessor-threat closure but did not directly map the official ICSE criteria to evidence channels.","Adds inspection-facing traceability; it does not create new findings or alter the experimental denominator.",closed
2026-06-25,A081_CONTRIBUTION_TRACE_CLOSURE,Contribution-to-result traceability,"Because the paper is the primary assessor surface, a strict assessor could ask whether each stated contribution is visible in the main text and supported by materialized results.","Added a contribution trace audit covering BEP-IR/source lowering, proof-carrying witnesses, repair-paired controls, and multi-oracle/mutation/theory validation.","The prior release had paper-argument and claim-impact audits, but no one audit linked the four paper contributions to result files.","Links existing contributions to evidence only; it does not change labels, baselines, metrics, or RQs.",closed
2026-06-25,A082_REFERENCE_ROLE_BALANCE,Reference role balance and non-padding audit,"ICSE reference-integrity policy makes fabricated and padding citations a immediate rejection risk; a strict related-work assessor could also ask whether the 70-80 reference set has clear roles.","Added a reference role-balance audit over all 72 ledger entries, requiring source verification, DOI/URL traceability, unique BibTeX keys, citation closure, supporting claims, and role distribution across specifications, documentation, frameworks, tools, related work, and SE methods.","The prior release checked reference integrity and bibliographic metadata but not the role balance of the release 72-reference set.","Reference hygiene only; no empirical result changes.",closed
2026-06-25,A083_ORACLE_STRUCTURAL_INDEPENDENCE,Oracle structural independence,"A program-analysis assessor could ask whether the three oracle surfaces are structurally separate source objects rather than a single implementation counted three ways.","Added an oracle structural-independence audit checking distinct oracle source hashes, declarative-oracle independence from implementation oracles, and an explicit comparison-only rationale for the decision-table operational import.","The prior release had oracle agreement, label-flow, and decision-purity audits but no compact structural independence audit over the oracle source surfaces.","Checks implementation structure only; it does not change oracle judgments or labels.",closed
2026-06-25,A084_DELIVERABLE_TRIO_READINESS,Main paper/supplement/artifact trio readiness,"The release assessor sees exactly three deliverables: main paper, supplement, and an artifact link. A strict paper delivery review can fail if these surfaces are not independently ready.","Added a deliverable trio readiness audit checking the 12-page main PDF, 8-page supplement, artifact upload-source files, top-level package structure, and required passing summaries.","The prior release had delivery capsule closure, but not a release three-deliverable readiness gate matching the actual paper delivery interface.","delivery readiness hardening only; no data or result changes.",closed
2026-06-25,A085_PAPER_RHETORIC_AND_ARGUMENT_POLISH,assessor-first paper rhetoric audit,"A writing assessor could reject a technically strong artifact if the main paper reads like a repository transcript or hides the research contribution behind validation lists.","Added a paper rhetoric audit checking eight-section structure, zero subsections, contribution/research-object vocabulary, abstract narrative shape, and absence of visible repository/process mechanics.","The prior release had paper-argument surface auditing, but did not separately check rhetoric and repository-transcript risk.","Presentation hardening only; results and denominators remain locked.",closed
2026-06-25,A086_REPOSITORY_ENTRYPOINT_CLOSURE,assessor navigation and entrypoint closure,"A reproducibility assessor could still be slowed by a large script tree even if all gates pass.","Added a repository-entrypoint audit checking stable assessor entrypoints, console-script closure, README navigation tokens, and the expanded reproduction ladder.","The prior release had delivery capsule and reproduction-ladder audits but not a concise navigation/entrypoint audit.","Artifact navigation hardening only; it does not change computations.",closed
2026-06-25,A087_RELEASE_ASSESSOR_SCORECARD_AND_SYNCHRONIZATION,release strict-review scorecard and synchronization,"After adding stale-count, criteria, contribution, reference-role, oracle-structure, deliverable-trio, rhetoric, and entrypoint gates, all counts, versions, paper surfaces, and release manifests needed one release synchronization point.","Updated release validation to 99 materialized layers, reproduction ladder to 89 declared commands, package identity to 0.22.0, protocol amendments A001-A087, and added a conservative release assessor scorecard across novelty, rigor, reproducibility, anti-overfit evidence, paper surface, and reference integrity.","The prior release had 90 validation layers, 80 reproduction commands, package 0.21.0, and no criteria/scorecard closure.","release synchronization and self-review only; locked denominator, labels, baselines, metrics, RQs, and headline results remain unchanged.",closed
2026-06-25,A088_DELIVERY_METADATA_ALIGNMENT,Title abstract and topic alignment,"After abstract registration, the paper and artifact need a stable capsule connecting the aligned title, abstract, primary area, additional area, and selected areas to the main paper surface.","Added paper_metadata.json and an executable alignment audit over title, abstract terms, topics, and anonymity boundary.",The prior release had paper-surface audits but no paper delivery-metadata capsule.,"delivery-surface consistency only; no labels, denominator, baselines, metrics, or RQs change.",closed
2026-06-25,A089_ASSESSOR_QUICKSTART_READINESS,assessor quickstart lanes,A assessor can reject a strong artifact if the first reproducibility path is unclear or appears to require private services.,"Added quickstart.md and a quickstart-readiness audit covering short, medium, and full deterministic review lanes.",The prior release had a long ladder but no concise assessor quickstart capsule.,Navigation hardening only; computations and results are unchanged.,closed
2026-06-25,A090_FIGURE_REFERENCE_CLOSURE,Figure and table reference closure,A presentation assessor could notice an unreferenced LaTeX-native figure or unresolved reference even if the PDF compiles.,Added a figure/table/algorithm reference-closure audit and fixed the method-pipeline figure reference in the main text.,The prior release had figure layout auditing but not reference closure; the method-pipeline figure was not explicitly referenced.,Presentation and traceability hardening only; no empirical result changes.,closed
2026-06-25,A091_SUPPLEMENT_MAIN_ALIGNMENT,Main supplement and artifact count synchronization,"Main paper, supplement, README, and reproduction surfaces can drift after late validation changes.","Added supplement-alignment auditing over current 110-layer, 100-command, reference, SpecBench, oracle, and evidence-card counts.",The prior release had stale-number audits but not a four-surface alignment gate for the release registration metadata.,Release consistency only; no labels or metrics move.,closed
2026-06-25,A092_ARTIFACT_MANIFEST_REACHABILITY,Artifact manifest reachability,A reproducibility assessor could find that a capsule entry or result-index row points to a missing file.,"Added artifact-manifest reachability auditing over required capsule files, result index rows, and checksum manifest size.",The prior release checked capsule presence but not the new quickstart/metadata surfaces and result-index reachability together.,Packaging hardening only; no scientific result changes.,closed
2026-06-25,A093_EVIDENCE_DIGEST_LEDGER,Canonical evidence digest ledger,"Late edits to evidence cards, claim traces, repairs, graph metrics, or references should be tamper-evident.","Added a canonical digest audit over the core source-claim, evidence-card, repair, graph, and reference surfaces.",The prior release had hash-chain auditing for witnesses but not a compact digest over the release evidence pack.,Integrity hardening only; no labels or conclusions change.,closed
2026-06-25,A094_ASSESSOR_TRIAGE_INDEX,assessor objection triage index,A large artifact can be correct but still hard to review under time pressure.,Added a assessor triage index and audit mapping common objections to concrete paper/artifact surfaces.,The prior release had entrypoint auditing but not an objection-to-evidence map.,Navigation hardening only; no experiment changes.,closed
2026-06-25,A095_RELEASE_DELIVERY_PACKET,release three-surface delivery packet readiness,"The submitted work is judged through main paper, supplement, and anonymous artifact link; these must close together.","Added release delivery-packet auditing over main PDF, supplement PDF, metadata/quickstart/triage surfaces, and 110-layer release validation.",The prior release had deliverable-trio readiness but not the new registration/quickstart/digest surfaces.,"release delivery hardening only; no denominator, labels, metrics, baselines, or RQs move.",closed
"2026-06-25","A096_OVERCLAIM_BOUNDARY_CLOSURE","Overclaim boundary closure","A release research surface can accidentally sound stronger than the evidence supports, especially after repeated polishing.","Added overclaim-boundary auditing over main paper, supplement, README, reproduction protocol, and study protocol; the audit rejects unqualified prevalence, exploitability, human-study, private-data, GPU, and full-browser-conformance claims.","The prior release had anonymity and rhetoric audits but not a semantic overclaim boundary gate over the release surfaces.","Scope guard only; no denominator, labels, metrics, baselines, or RQs move.","closed"
"2026-06-25","A097_COMPILED_PDF_TEXT_SURFACE","Compiled PDF text surface closure","LaTeX source audits can miss text introduced through included tables or compiled PDFs.","Added a compiled-PDF text audit that extracts main and supplement PDF text and rejects process traces, unresolved references, local paths, and assessor-process language.","The prior release caught source-level rhetoric issues but did not inspect compiled PDF text directly.","Presentation and hygiene hardening only; no scientific result changes.","closed"
"2026-06-25","A098_PUBLIC_PROVENANCE_AND_DATA_RIGHTS","Public provenance and data-rights closure","A reproducibility assessor may question whether public-source grounding or external-resource rights are explicit enough.","Added public-provenance auditing over source ledgers, source snapshots, external resources, environment lock, and package boundary flags.","The prior release had source-span closure and reference integrity but not a release data-rights/public-provenance gate.","Provenance hardening only; no result or baseline-scope changes.","closed"
"2026-06-25","A099_REPOSITORY_UPLOAD_PACKET","Manual repository-upload packet closure","The release anonymous repository will be uploaded manually, so the artifact tree needs a stable include/exclude manifest and pre-upload checks.","Added repository_upload_manifest.json and an audit checking BEPGuard upload root, required files, cache exclusion, and pre-upload validation commands.","The prior release had delivery-packet readiness but not a manifest for manual repository upload.","Packaging and upload-readiness hardening only; no denominator, labels, metrics, baselines, or RQs move.","closed"
